{"metadata":{"kernel_spec":{"name":"SQL","language":"sql","display_name":"SQL"},"language_info":{"name":"sql","version":""}},"nbformat":4,"nbformat_minor":2,"cells":[{"cell_type":"markdown","source":["# [Kokaz]"],"metadata":{"urn":"Server[@Name='LAPTOP-A1S3V5JM']/Database[@Name='Kokaz']","object_type":"Database"}},{"outputs":[],"execution_count":0,"cell_type":"code","source":["USE [master]\r\n","GO\r\n"],"metadata":{"urn":"Server[@Name='LAPTOP-A1S3V5JM']/Database[@Name='Kokaz']","object_type":"Database"}},{"outputs":[],"execution_count":0,"cell_type":"code","source":["/****** Object:  Database [Kokaz]    Script Date: 9/23/2022 2:11:31 AM ******/\r\nCREATE DATABASE [Kokaz]\r\n CONTAINMENT = NONE\r\n ON  PRIMARY \r\n( NAME = N'Kokaz', FILENAME = N'C:\\Program Files\\Microsoft SQL Server\\MSSQL15.MSSQLSERVER\\MSSQL\\DATA\\Kokaz.mdf' , SIZE = 73728KB , MAXSIZE = UNLIMITED, FILEGROWTH = 65536KB )\r\n LOG ON \r\n( NAME = N'Kokaz_log', FILENAME = N'C:\\Program Files\\Microsoft SQL Server\\MSSQL15.MSSQLSERVER\\MSSQL\\DATA\\Kokaz_log.ldf' , SIZE = 466944KB , MAXSIZE = 2048GB , FILEGROWTH = 65536KB )\r\n WITH CATALOG_COLLATION = DATABASE_DEFAULT\r\n","GO\r\n","ALTER DATABASE [Kokaz] SET COMPATIBILITY_LEVEL = 150\r\n","GO\r\n","IF (1 = FULLTEXTSERVICEPROPERTY('IsFullTextInstalled'))\r\nbegin\r\nEXEC [Kokaz].[dbo].[sp_fulltext_database] @action = 'enable'\r\nend\r\n","GO\r\n","ALTER DATABASE [Kokaz] SET ANSI_NULL_DEFAULT OFF \r\n","GO\r\n","ALTER DATABASE [Kokaz] SET ANSI_NULLS OFF \r\n","GO\r\n","ALTER DATABASE [Kokaz] SET ANSI_PADDING OFF \r\n","GO\r\n","ALTER DATABASE [Kokaz] SET ANSI_WARNINGS OFF \r\n","GO\r\n","ALTER DATABASE [Kokaz] SET ARITHABORT OFF \r\n","GO\r\n","ALTER DATABASE [Kokaz] SET AUTO_CLOSE OFF \r\n","GO\r\n","ALTER DATABASE [Kokaz] SET AUTO_SHRINK OFF \r\n","GO\r\n","ALTER DATABASE [Kokaz] SET AUTO_UPDATE_STATISTICS ON \r\n","GO\r\n","ALTER DATABASE [Kokaz] SET CURSOR_CLOSE_ON_COMMIT OFF \r\n","GO\r\n","ALTER DATABASE [Kokaz] SET CURSOR_DEFAULT  GLOBAL \r\n","GO\r\n","ALTER DATABASE [Kokaz] SET CONCAT_NULL_YIELDS_NULL OFF \r\n","GO\r\n","ALTER DATABASE [Kokaz] SET NUMERIC_ROUNDABORT OFF \r\n","GO\r\n","ALTER DATABASE [Kokaz] SET QUOTED_IDENTIFIER OFF \r\n","GO\r\n","ALTER DATABASE [Kokaz] SET RECURSIVE_TRIGGERS OFF \r\n","GO\r\n","ALTER DATABASE [Kokaz] SET  ENABLE_BROKER \r\n","GO\r\n","ALTER DATABASE [Kokaz] SET AUTO_UPDATE_STATISTICS_ASYNC OFF \r\n","GO\r\n","ALTER DATABASE [Kokaz] SET DATE_CORRELATION_OPTIMIZATION OFF \r\n","GO\r\n","ALTER DATABASE [Kokaz] SET TRUSTWORTHY OFF \r\n","GO\r\n","ALTER DATABASE [Kokaz] SET ALLOW_SNAPSHOT_ISOLATION OFF \r\n","GO\r\n","ALTER DATABASE [Kokaz] SET PARAMETERIZATION SIMPLE \r\n","GO\r\n","ALTER DATABASE [Kokaz] SET READ_COMMITTED_SNAPSHOT OFF \r\n","GO\r\n","ALTER DATABASE [Kokaz] SET HONOR_BROKER_PRIORITY OFF \r\n","GO\r\n","ALTER DATABASE [Kokaz] SET RECOVERY FULL \r\n","GO\r\n","ALTER DATABASE [Kokaz] SET  MULTI_USER \r\n","GO\r\n","ALTER DATABASE [Kokaz] SET PAGE_VERIFY CHECKSUM  \r\n","GO\r\n","ALTER DATABASE [Kokaz] SET DB_CHAINING OFF \r\n","GO\r\n","ALTER DATABASE [Kokaz] SET FILESTREAM( NON_TRANSACTED_ACCESS = OFF ) \r\n","GO\r\n","ALTER DATABASE [Kokaz] SET TARGET_RECOVERY_TIME = 60 SECONDS \r\n","GO\r\n","ALTER DATABASE [Kokaz] SET DELAYED_DURABILITY = DISABLED \r\n","GO\r\n","ALTER DATABASE [Kokaz] SET ACCELERATED_DATABASE_RECOVERY = OFF  \r\n","GO\r\n","EXEC sys.sp_db_vardecimal_storage_format N'Kokaz', N'ON'\r\n","GO\r\n","ALTER DATABASE [Kokaz] SET QUERY_STORE = OFF\r\n","GO\r\n"],"metadata":{"urn":"Server[@Name='LAPTOP-A1S3V5JM']/Database[@Name='Kokaz']","object_type":"Database"}},{"cell_type":"markdown","source":["# [dbo].[__EFMigrationsHistory]"],"metadata":{"urn":"Server[@Name='LAPTOP-A1S3V5JM']/Database[@Name='Kokaz']/Table[@Name='__EFMigrationsHistory' and @Schema='dbo']","object_type":"Table"}},{"outputs":[],"execution_count":0,"cell_type":"code","source":["USE [Kokaz]\r\n","GO\r\n"],"metadata":{"urn":"Server[@Name='LAPTOP-A1S3V5JM']/Database[@Name='Kokaz']/Table[@Name='__EFMigrationsHistory' and @Schema='dbo']","object_type":"Table"}},{"outputs":[],"execution_count":0,"cell_type":"code","source":["/****** Object:  Table [dbo].[__EFMigrationsHistory]    Script Date: 9/23/2022 2:11:31 AM ******/\r\nSET ANSI_NULLS ON\r\n","GO\r\n","SET QUOTED_IDENTIFIER ON\r\n","GO\r\n","CREATE TABLE [dbo].[__EFMigrationsHistory](\r\n\t[MigrationId] [nvarchar](150) NOT NULL,\r\n\t[ProductVersion] [nvarchar](32) NOT NULL,\r\n CONSTRAINT [PK___EFMigrationsHistory] PRIMARY KEY CLUSTERED \r\n(\r\n\t[MigrationId] ASC\r\n)WITH (PAD_INDEX = OFF, STATISTICS_NORECOMPUTE = OFF, IGNORE_DUP_KEY = OFF, ALLOW_ROW_LOCKS = ON, ALLOW_PAGE_LOCKS = ON, OPTIMIZE_FOR_SEQUENTIAL_KEY = OFF) ON [PRIMARY]\r\n) ON [PRIMARY]\r\nGO\r\n"],"metadata":{"urn":"Server[@Name='LAPTOP-A1S3V5JM']/Database[@Name='Kokaz']/Table[@Name='__EFMigrationsHistory' and @Schema='dbo']","object_type":"Table"}},{"cell_type":"markdown","source":["# [dbo].[AgentCountry]"],"metadata":{"urn":"Server[@Name='LAPTOP-A1S3V5JM']/Database[@Name='Kokaz']/Table[@Name='AgentCountry' and @Schema='dbo']","object_type":"Table"}},{"outputs":[],"execution_count":0,"cell_type":"code","source":["/****** Object:  Table [dbo].[AgentCountry]    Script Date: 9/23/2022 2:11:31 AM ******/\r\nSET ANSI_NULLS ON\r\n","GO\r\n","SET QUOTED_IDENTIFIER ON\r\n","GO\r\n","CREATE TABLE [dbo].[AgentCountry](\r\n\t[AgentId] [int] NOT NULL,\r\n\t[CountryId] [int] NOT NULL,\r\n CONSTRAINT [PK_AgentCountr] PRIMARY KEY CLUSTERED \r\n(\r\n\t[AgentId] ASC,\r\n\t[CountryId] ASC\r\n)WITH (PAD_INDEX = OFF, STATISTICS_NORECOMPUTE = OFF, IGNORE_DUP_KEY = OFF, ALLOW_ROW_LOCKS = ON, ALLOW_PAGE_LOCKS = ON, OPTIMIZE_FOR_SEQUENTIAL_KEY = OFF) ON [PRIMARY]\r\n) ON [PRIMARY]\r\nGO\r\n"],"metadata":{"urn":"Server[@Name='LAPTOP-A1S3V5JM']/Database[@Name='Kokaz']/Table[@Name='AgentCountry' and @Schema='dbo']","object_type":"Table"}},{"cell_type":"markdown","source":["# [dbo].[AgentOrderPrint]"],"metadata":{"urn":"Server[@Name='LAPTOP-A1S3V5JM']/Database[@Name='Kokaz']/Table[@Name='AgentOrderPrint' and @Schema='dbo']","object_type":"Table"}},{"outputs":[],"execution_count":0,"cell_type":"code","source":["/****** Object:  Table [dbo].[AgentOrderPrint]    Script Date: 9/23/2022 2:11:31 AM ******/\r\nSET ANSI_NULLS ON\r\n","GO\r\n","SET QUOTED_IDENTIFIER ON\r\n","GO\r\n","CREATE TABLE [dbo].[AgentOrderPrint](\r\n\t[AgentPrintId] [int] NOT NULL,\r\n\t[OrderId] [int] NOT NULL,\r\nPRIMARY KEY CLUSTERED \r\n(\r\n\t[OrderId] ASC,\r\n\t[AgentPrintId] ASC\r\n)WITH (PAD_INDEX = OFF, STATISTICS_NORECOMPUTE = OFF, IGNORE_DUP_KEY = OFF, ALLOW_ROW_LOCKS = ON, ALLOW_PAGE_LOCKS = ON, OPTIMIZE_FOR_SEQUENTIAL_KEY = OFF) ON [PRIMARY]\r\n) ON [PRIMARY]\r\nGO\r\n"],"metadata":{"urn":"Server[@Name='LAPTOP-A1S3V5JM']/Database[@Name='Kokaz']/Table[@Name='AgentOrderPrint' and @Schema='dbo']","object_type":"Table"}},{"cell_type":"markdown","source":["# [dbo].[AgentPrint]"],"metadata":{"urn":"Server[@Name='LAPTOP-A1S3V5JM']/Database[@Name='Kokaz']/Table[@Name='AgentPrint' and @Schema='dbo']","object_type":"Table"}},{"outputs":[],"execution_count":0,"cell_type":"code","source":["/****** Object:  Table [dbo].[AgentPrint]    Script Date: 9/23/2022 2:11:31 AM ******/\r\nSET ANSI_NULLS ON\r\n","GO\r\n","SET QUOTED_IDENTIFIER ON\r\n","GO\r\n","CREATE TABLE [dbo].[AgentPrint](\r\n\t[Id] [int] IDENTITY(1,1) NOT NULL,\r\n\t[PrinterName] [nvarchar](50) NOT NULL,\r\n\t[Date] [datetime] NOT NULL,\r\n\t[DestinationName] [nvarchar](50) NOT NULL,\r\n\t[DestinationPhone] [varchar](11) NOT NULL,\r\n\t[BranchId] [int] NOT NULL,\r\nPRIMARY KEY CLUSTERED \r\n(\r\n\t[Id] ASC\r\n)WITH (PAD_INDEX = OFF, STATISTICS_NORECOMPUTE = OFF, IGNORE_DUP_KEY = OFF, ALLOW_ROW_LOCKS = ON, ALLOW_PAGE_LOCKS = ON, OPTIMIZE_FOR_SEQUENTIAL_KEY = OFF) ON [PRIMARY]\r\n) ON [PRIMARY]\r\nGO\r\n"],"metadata":{"urn":"Server[@Name='LAPTOP-A1S3V5JM']/Database[@Name='Kokaz']/Table[@Name='AgentPrint' and @Schema='dbo']","object_type":"Table"}},{"cell_type":"markdown","source":["# [dbo].[AgentPrintDetails]"],"metadata":{"urn":"Server[@Name='LAPTOP-A1S3V5JM']/Database[@Name='Kokaz']/Table[@Name='AgentPrintDetails' and @Schema='dbo']","object_type":"Table"}},{"outputs":[],"execution_count":0,"cell_type":"code","source":["/****** Object:  Table [dbo].[AgentPrintDetails]    Script Date: 9/23/2022 2:11:31 AM ******/\r\nSET ANSI_NULLS ON\r\n","GO\r\n","SET QUOTED_IDENTIFIER ON\r\n","GO\r\n","CREATE TABLE [dbo].[AgentPrintDetails](\r\n\t[Id] [int] IDENTITY(1,1) NOT NULL,\r\n\t[Code] [varchar](15) NOT NULL,\r\n\t[Total] [decimal](18, 2) NOT NULL,\r\n\t[Country] [nvarchar](30) NOT NULL,\r\n\t[Phone] [nvarchar](50) NOT NULL,\r\n\t[ClientName] [nvarchar](50) NOT NULL,\r\n\t[Note] [nvarchar](max) NULL,\r\n\t[Region] [nvarchar](50) NULL,\r\n\t[AgentPrintId] [int] NOT NULL,\r\n\t[ClientNote] [nvarchar](max) NULL,\r\n\t[Address] [nvarchar](max) NULL,\r\n\t[Date] [date] NULL,\r\nPRIMARY KEY CLUSTERED \r\n(\r\n\t[Id] ASC\r\n)WITH (PAD_INDEX = OFF, STATISTICS_NORECOMPUTE = OFF, IGNORE_DUP_KEY = OFF, ALLOW_ROW_LOCKS = ON, ALLOW_PAGE_LOCKS = ON, OPTIMIZE_FOR_SEQUENTIAL_KEY = OFF) ON [PRIMARY]\r\n) ON [PRIMARY] TEXTIMAGE_ON [PRIMARY]\r\nGO\r\n"],"metadata":{"urn":"Server[@Name='LAPTOP-A1S3V5JM']/Database[@Name='Kokaz']/Table[@Name='AgentPrintDetails' and @Schema='dbo']","object_type":"Table"}},{"cell_type":"markdown","source":["# [dbo].[Branches]"],"metadata":{"urn":"Server[@Name='LAPTOP-A1S3V5JM']/Database[@Name='Kokaz']/Table[@Name='Branches' and @Schema='dbo']","object_type":"Table"}},{"outputs":[],"execution_count":0,"cell_type":"code","source":["/****** Object:  Table [dbo].[Branches]    Script Date: 9/23/2022 2:11:31 AM ******/\r\nSET ANSI_NULLS ON\r\n","GO\r\n","SET QUOTED_IDENTIFIER ON\r\n","GO\r\n","CREATE TABLE [dbo].[Branches](\r\n\t[Id] [int] IDENTITY(1,1) NOT NULL,\r\n\t[Name] [nvarchar](max) NULL,\r\n\t[CountryId] [int] NOT NULL,\r\n CONSTRAINT [PK_Branches] PRIMARY KEY CLUSTERED \r\n(\r\n\t[Id] ASC\r\n)WITH (PAD_INDEX = OFF, STATISTICS_NORECOMPUTE = OFF, IGNORE_DUP_KEY = OFF, ALLOW_ROW_LOCKS = ON, ALLOW_PAGE_LOCKS = ON, OPTIMIZE_FOR_SEQUENTIAL_KEY = OFF) ON [PRIMARY]\r\n) ON [PRIMARY] TEXTIMAGE_ON [PRIMARY]\r\nGO\r\n"],"metadata":{"urn":"Server[@Name='LAPTOP-A1S3V5JM']/Database[@Name='Kokaz']/Table[@Name='Branches' and @Schema='dbo']","object_type":"Table"}},{"cell_type":"markdown","source":["# [dbo].[CashMovment]"],"metadata":{"urn":"Server[@Name='LAPTOP-A1S3V5JM']/Database[@Name='Kokaz']/Table[@Name='CashMovment' and @Schema='dbo']","object_type":"Table"}},{"outputs":[],"execution_count":0,"cell_type":"code","source":["/****** Object:  Table [dbo].[CashMovment]    Script Date: 9/23/2022 2:11:31 AM ******/\r\nSET ANSI_NULLS ON\r\n","GO\r\n","SET QUOTED_IDENTIFIER ON\r\n","GO\r\n","CREATE TABLE [dbo].[CashMovment](\r\n\t[Id] [int] IDENTITY(1,1) NOT NULL,\r\n\t[Amount] [decimal](18, 2) NOT NULL,\r\n\t[TreasuryId] [int] NOT NULL,\r\n\t[CreatedOnUtc] [date] NOT NULL,\r\n\t[CreatedBy] [nvarchar](50) NOT NULL,\r\n\t[Note] [nvarchar](100) NULL,\r\nPRIMARY KEY CLUSTERED \r\n(\r\n\t[Id] ASC\r\n)WITH (PAD_INDEX = OFF, STATISTICS_NORECOMPUTE = OFF, IGNORE_DUP_KEY = OFF, ALLOW_ROW_LOCKS = ON, ALLOW_PAGE_LOCKS = ON, OPTIMIZE_FOR_SEQUENTIAL_KEY = OFF) ON [PRIMARY]\r\n) ON [PRIMARY]\r\nGO\r\n"],"metadata":{"urn":"Server[@Name='LAPTOP-A1S3V5JM']/Database[@Name='Kokaz']/Table[@Name='CashMovment' and @Schema='dbo']","object_type":"Table"}},{"cell_type":"markdown","source":["# [dbo].[ClientPayment]"],"metadata":{"urn":"Server[@Name='LAPTOP-A1S3V5JM']/Database[@Name='Kokaz']/Table[@Name='ClientPayment' and @Schema='dbo']","object_type":"Table"}},{"outputs":[],"execution_count":0,"cell_type":"code","source":["/****** Object:  Table [dbo].[ClientPayment]    Script Date: 9/23/2022 2:11:31 AM ******/\r\nSET ANSI_NULLS ON\r\n","GO\r\n","SET QUOTED_IDENTIFIER ON\r\n","GO\r\n","CREATE TABLE [dbo].[ClientPayment](\r\n\t[Id] [int] IDENTITY(1,1) NOT NULL,\r\n\t[PrinterName] [nvarchar](50) NOT NULL,\r\n\t[Date] [datetime] NOT NULL,\r\n\t[DestinationName] [nvarchar](50) NOT NULL,\r\n\t[DestinationPhone] [varchar](11) NOT NULL,\r\n\t[BranchId] [int] NOT NULL,\r\nPRIMARY KEY CLUSTERED \r\n(\r\n\t[Id] ASC\r\n)WITH (PAD_INDEX = OFF, STATISTICS_NORECOMPUTE = OFF, IGNORE_DUP_KEY = OFF, ALLOW_ROW_LOCKS = ON, ALLOW_PAGE_LOCKS = ON, OPTIMIZE_FOR_SEQUENTIAL_KEY = OFF) ON [PRIMARY]\r\n) ON [PRIMARY]\r\nGO\r\n"],"metadata":{"urn":"Server[@Name='LAPTOP-A1S3V5JM']/Database[@Name='Kokaz']/Table[@Name='ClientPayment' and @Schema='dbo']","object_type":"Table"}},{"cell_type":"markdown","source":["# [dbo].[ClientPaymentDetails]"],"metadata":{"urn":"Server[@Name='LAPTOP-A1S3V5JM']/Database[@Name='Kokaz']/Table[@Name='ClientPaymentDetails' and @Schema='dbo']","object_type":"Table"}},{"outputs":[],"execution_count":0,"cell_type":"code","source":["/****** Object:  Table [dbo].[ClientPaymentDetails]    Script Date: 9/23/2022 2:11:31 AM ******/\r\nSET ANSI_NULLS ON\r\n","GO\r\n","SET QUOTED_IDENTIFIER ON\r\n","GO\r\n","CREATE TABLE [dbo].[ClientPaymentDetails](\r\n\t[Id] [int] IDENTITY(1,1) NOT NULL,\r\n\t[ClientPaymentId] [int] NULL,\r\n\t[Code] [nvarchar](50) NOT NULL,\r\n\t[LastTotal] [decimal](18, 2) NULL,\r\n\t[Total] [decimal](18, 2) NOT NULL,\r\n\t[DeliveryCost] [decimal](18, 2) NOT NULL,\r\n\t[Country] [nvarchar](50) NOT NULL,\r\n\t[Phone] [nvarchar](50) NOT NULL,\r\n\t[MoneyPlacedId] [int] NULL,\r\n\t[OrderPlacedId] [int] NULL,\r\n\t[Date] [date] NULL,\r\n\t[Note] [nvarchar](max) NULL,\r\n\t[PayForClient] [money] NULL,\r\n\t[ClientNote] [nvarchar](max) NULL,\r\nPRIMARY KEY CLUSTERED \r\n(\r\n\t[Id] ASC\r\n)WITH (PAD_INDEX = OFF, STATISTICS_NORECOMPUTE = OFF, IGNORE_DUP_KEY = OFF, ALLOW_ROW_LOCKS = ON, ALLOW_PAGE_LOCKS = ON, OPTIMIZE_FOR_SEQUENTIAL_KEY = OFF) ON [PRIMARY]\r\n) ON [PRIMARY] TEXTIMAGE_ON [PRIMARY]\r\nGO\r\n"],"metadata":{"urn":"Server[@Name='LAPTOP-A1S3V5JM']/Database[@Name='Kokaz']/Table[@Name='ClientPaymentDetails' and @Schema='dbo']","object_type":"Table"}},{"cell_type":"markdown","source":["# [dbo].[clientPhones]"],"metadata":{"urn":"Server[@Name='LAPTOP-A1S3V5JM']/Database[@Name='Kokaz']/Table[@Name='clientPhones' and @Schema='dbo']","object_type":"Table"}},{"outputs":[],"execution_count":0,"cell_type":"code","source":["/****** Object:  Table [dbo].[clientPhones]    Script Date: 9/23/2022 2:11:31 AM ******/\r\nSET ANSI_NULLS ON\r\n","GO\r\n","SET QUOTED_IDENTIFIER ON\r\n","GO\r\n","CREATE TABLE [dbo].[clientPhones](\r\n\t[Id] [int] IDENTITY(1,1) NOT NULL,\r\n\t[ClientId] [int] NOT NULL,\r\n\t[Phone] [varchar](50) NOT NULL,\r\n CONSTRAINT [PK_clientPhones] PRIMARY KEY CLUSTERED \r\n(\r\n\t[Id] ASC\r\n)WITH (PAD_INDEX = OFF, STATISTICS_NORECOMPUTE = OFF, IGNORE_DUP_KEY = OFF, ALLOW_ROW_LOCKS = ON, ALLOW_PAGE_LOCKS = ON, OPTIMIZE_FOR_SEQUENTIAL_KEY = OFF) ON [PRIMARY]\r\n) ON [PRIMARY]\r\nGO\r\n"],"metadata":{"urn":"Server[@Name='LAPTOP-A1S3V5JM']/Database[@Name='Kokaz']/Table[@Name='clientPhones' and @Schema='dbo']","object_type":"Table"}},{"cell_type":"markdown","source":["# [dbo].[Clients]"],"metadata":{"urn":"Server[@Name='LAPTOP-A1S3V5JM']/Database[@Name='Kokaz']/Table[@Name='Clients' and @Schema='dbo']","object_type":"Table"}},{"outputs":[],"execution_count":0,"cell_type":"code","source":["/****** Object:  Table [dbo].[Clients]    Script Date: 9/23/2022 2:11:31 AM ******/\r\nSET ANSI_NULLS ON\r\n","GO\r\n","SET QUOTED_IDENTIFIER ON\r\n","GO\r\n","CREATE TABLE [dbo].[Clients](\r\n\t[Id] [int] IDENTITY(1,1) NOT NULL,\r\n\t[Name] [nvarchar](50) NOT NULL,\r\n\t[CountryId] [int] NULL,\r\n\t[Address] [nvarchar](50) NULL,\r\n\t[FirstDate] [date] NOT NULL,\r\n\t[Note] [nvarchar](50) NULL,\r\n\t[UserName] [nvarchar](50) NOT NULL,\r\n\t[Password] [nvarchar](50) NOT NULL,\r\n\t[UserId] [int] NOT NULL,\r\n\t[Mail] [nvarchar](max) NULL,\r\n\t[Points] [int] NOT NULL,\r\n\t[BranchId] [int] NOT NULL,\r\n CONSTRAINT [PK_Clients] PRIMARY KEY CLUSTERED \r\n(\r\n\t[Id] ASC\r\n)WITH (PAD_INDEX = OFF, STATISTICS_NORECOMPUTE = OFF, IGNORE_DUP_KEY = OFF, ALLOW_ROW_LOCKS = ON, ALLOW_PAGE_LOCKS = ON, OPTIMIZE_FOR_SEQUENTIAL_KEY = OFF) ON [PRIMARY]\r\n) ON [PRIMARY] TEXTIMAGE_ON [PRIMARY]\r\nGO\r\n"],"metadata":{"urn":"Server[@Name='LAPTOP-A1S3V5JM']/Database[@Name='Kokaz']/Table[@Name='Clients' and @Schema='dbo']","object_type":"Table"}},{"cell_type":"markdown","source":["# [dbo].[Country]"],"metadata":{"urn":"Server[@Name='LAPTOP-A1S3V5JM']/Database[@Name='Kokaz']/Table[@Name='Country' and @Schema='dbo']","object_type":"Table"}},{"outputs":[],"execution_count":0,"cell_type":"code","source":["/****** Object:  Table [dbo].[Country]    Script Date: 9/23/2022 2:11:31 AM ******/\r\nSET ANSI_NULLS ON\r\n","GO\r\n","SET QUOTED_IDENTIFIER ON\r\n","GO\r\n","CREATE TABLE [dbo].[Country](\r\n\t[Id] [int] IDENTITY(1,1) NOT NULL,\r\n\t[Name] [nvarchar](50) NOT NULL,\r\n\t[DeliveryCost] [decimal](18, 2) NOT NULL,\r\n\t[mediatorId] [int] NULL,\r\n\t[IsMain] [bit] NOT NULL,\r\n\t[Points] [int] NOT NULL,\r\n CONSTRAINT [PK_Country] PRIMARY KEY CLUSTERED \r\n(\r\n\t[Id] ASC\r\n)WITH (PAD_INDEX = OFF, STATISTICS_NORECOMPUTE = OFF, IGNORE_DUP_KEY = OFF, ALLOW_ROW_LOCKS = ON, ALLOW_PAGE_LOCKS = ON, OPTIMIZE_FOR_SEQUENTIAL_KEY = OFF) ON [PRIMARY]\r\n) ON [PRIMARY]\r\nGO\r\n"],"metadata":{"urn":"Server[@Name='LAPTOP-A1S3V5JM']/Database[@Name='Kokaz']/Table[@Name='Country' and @Schema='dbo']","object_type":"Table"}},{"cell_type":"markdown","source":["# [dbo].[DisAcceptOrder]"],"metadata":{"urn":"Server[@Name='LAPTOP-A1S3V5JM']/Database[@Name='Kokaz']/Table[@Name='DisAcceptOrder' and @Schema='dbo']","object_type":"Table"}},{"outputs":[],"execution_count":0,"cell_type":"code","source":["/****** Object:  Table [dbo].[DisAcceptOrder]    Script Date: 9/23/2022 2:11:31 AM ******/\r\nSET ANSI_NULLS ON\r\n","GO\r\n","SET QUOTED_IDENTIFIER ON\r\n","GO\r\n","CREATE TABLE [dbo].[DisAcceptOrder](\r\n\t[Id] [int] IDENTITY(1,1) NOT NULL,\r\n\t[Code] [nvarchar](50) NOT NULL,\r\n\t[ClientId] [int] NOT NULL,\r\n\t[CountryId] [int] NOT NULL,\r\n\t[DeliveryCost] [decimal](18, 2) NOT NULL,\r\n\t[Cost] [decimal](18, 2) NOT NULL,\r\n\t[RecipientName] [nvarchar](50) NULL,\r\n\t[RecipientPhones] [nvarchar](max) NOT NULL,\r\n\t[RegionId] [int] NULL,\r\n\t[Address] [nvarchar](max) NULL,\r\n\t[ClientNote] [nvarchar](max) NULL,\r\n\t[CreatedBy] [nvarchar](max) NULL,\r\n\t[Date] [date] NULL,\r\n\t[IsDollar] [bit] NOT NULL,\r\n\t[UpdatedBy] [nvarchar](max) NULL,\r\n\t[UpdatedDate] [date] NULL,\r\n\t[BranchId] [int] NOT NULL,\r\nPRIMARY KEY CLUSTERED \r\n(\r\n\t[Id] ASC\r\n)WITH (PAD_INDEX = OFF, STATISTICS_NORECOMPUTE = OFF, IGNORE_DUP_KEY = OFF, ALLOW_ROW_LOCKS = ON, ALLOW_PAGE_LOCKS = ON, OPTIMIZE_FOR_SEQUENTIAL_KEY = OFF) ON [PRIMARY]\r\n) ON [PRIMARY] TEXTIMAGE_ON [PRIMARY]\r\nGO\r\n"],"metadata":{"urn":"Server[@Name='LAPTOP-A1S3V5JM']/Database[@Name='Kokaz']/Table[@Name='DisAcceptOrder' and @Schema='dbo']","object_type":"Table"}},{"cell_type":"markdown","source":["# [dbo].[Discount]"],"metadata":{"urn":"Server[@Name='LAPTOP-A1S3V5JM']/Database[@Name='Kokaz']/Table[@Name='Discount' and @Schema='dbo']","object_type":"Table"}},{"outputs":[],"execution_count":0,"cell_type":"code","source":["/****** Object:  Table [dbo].[Discount]    Script Date: 9/23/2022 2:11:31 AM ******/\r\nSET ANSI_NULLS ON\r\n","GO\r\n","SET QUOTED_IDENTIFIER ON\r\n","GO\r\n","CREATE TABLE [dbo].[Discount](\r\n\t[Id] [int] IDENTITY(1,1) NOT NULL,\r\n\t[Points] [int] NOT NULL,\r\n\t[Money] [money] NOT NULL,\r\n\t[ClientPaymentId] [int] NULL,\r\n CONSTRAINT [PK_Discount] PRIMARY KEY CLUSTERED \r\n(\r\n\t[Id] ASC\r\n)WITH (PAD_INDEX = OFF, STATISTICS_NORECOMPUTE = OFF, IGNORE_DUP_KEY = OFF, ALLOW_ROW_LOCKS = ON, ALLOW_PAGE_LOCKS = ON, OPTIMIZE_FOR_SEQUENTIAL_KEY = OFF) ON [PRIMARY]\r\n) ON [PRIMARY]\r\nGO\r\n"],"metadata":{"urn":"Server[@Name='LAPTOP-A1S3V5JM']/Database[@Name='Kokaz']/Table[@Name='Discount' and @Schema='dbo']","object_type":"Table"}},{"cell_type":"markdown","source":["# [dbo].[EditRequest]"],"metadata":{"urn":"Server[@Name='LAPTOP-A1S3V5JM']/Database[@Name='Kokaz']/Table[@Name='EditRequest' and @Schema='dbo']","object_type":"Table"}},{"outputs":[],"execution_count":0,"cell_type":"code","source":["/****** Object:  Table [dbo].[EditRequest]    Script Date: 9/23/2022 2:11:31 AM ******/\r\nSET ANSI_NULLS ON\r\n","GO\r\n","SET QUOTED_IDENTIFIER ON\r\n","GO\r\n","CREATE TABLE [dbo].[EditRequest](\r\n\t[Id] [int] IDENTITY(1,1) NOT NULL,\r\n\t[ClientId] [int] NOT NULL,\r\n\t[OldName] [nvarchar](50) NULL,\r\n\t[NewName] [nvarchar](50) NULL,\r\n\t[OldUserName] [nvarchar](50) NULL,\r\n\t[NewUserName] [nvarchar](50) NULL,\r\n\t[UserId] [int] NULL,\r\n\t[Accept] [bit] NULL,\r\n\t[BranchId] [int] NOT NULL,\r\nPRIMARY KEY CLUSTERED \r\n(\r\n\t[Id] ASC\r\n)WITH (PAD_INDEX = OFF, STATISTICS_NORECOMPUTE = OFF, IGNORE_DUP_KEY = OFF, ALLOW_ROW_LOCKS = ON, ALLOW_PAGE_LOCKS = ON, OPTIMIZE_FOR_SEQUENTIAL_KEY = OFF) ON [PRIMARY]\r\n) ON [PRIMARY]\r\nGO\r\n"],"metadata":{"urn":"Server[@Name='LAPTOP-A1S3V5JM']/Database[@Name='Kokaz']/Table[@Name='EditRequest' and @Schema='dbo']","object_type":"Table"}},{"cell_type":"markdown","source":["# [dbo].[Group]"],"metadata":{"urn":"Server[@Name='LAPTOP-A1S3V5JM']/Database[@Name='Kokaz']/Table[@Name='Group' and @Schema='dbo']","object_type":"Table"}},{"outputs":[],"execution_count":0,"cell_type":"code","source":["/****** Object:  Table [dbo].[Group]    Script Date: 9/23/2022 2:11:31 AM ******/\r\nSET ANSI_NULLS ON\r\n","GO\r\n","SET QUOTED_IDENTIFIER ON\r\n","GO\r\n","CREATE TABLE [dbo].[Group](\r\n\t[Id] [int] IDENTITY(1,1) NOT NULL,\r\n\t[Name] [nvarchar](max) NOT NULL,\r\n CONSTRAINT [PK_Group] PRIMARY KEY CLUSTERED \r\n(\r\n\t[Id] ASC\r\n)WITH (PAD_INDEX = OFF, STATISTICS_NORECOMPUTE = OFF, IGNORE_DUP_KEY = OFF, ALLOW_ROW_LOCKS = ON, ALLOW_PAGE_LOCKS = ON, OPTIMIZE_FOR_SEQUENTIAL_KEY = OFF) ON [PRIMARY]\r\n) ON [PRIMARY] TEXTIMAGE_ON [PRIMARY]\r\nGO\r\n"],"metadata":{"urn":"Server[@Name='LAPTOP-A1S3V5JM']/Database[@Name='Kokaz']/Table[@Name='Group' and @Schema='dbo']","object_type":"Table"}},{"cell_type":"markdown","source":["# [dbo].[GroupPrivilege]"],"metadata":{"urn":"Server[@Name='LAPTOP-A1S3V5JM']/Database[@Name='Kokaz']/Table[@Name='GroupPrivilege' and @Schema='dbo']","object_type":"Table"}},{"outputs":[],"execution_count":0,"cell_type":"code","source":["/****** Object:  Table [dbo].[GroupPrivilege]    Script Date: 9/23/2022 2:11:31 AM ******/\r\nSET ANSI_NULLS ON\r\n","GO\r\n","SET QUOTED_IDENTIFIER ON\r\n","GO\r\n","CREATE TABLE [dbo].[GroupPrivilege](\r\n\t[GroupId] [int] NOT NULL,\r\n\t[PrivilegId] [int] NOT NULL,\r\n CONSTRAINT [PK_GroupPrivilege] PRIMARY KEY CLUSTERED \r\n(\r\n\t[GroupId] ASC,\r\n\t[PrivilegId] ASC\r\n)WITH (PAD_INDEX = OFF, STATISTICS_NORECOMPUTE = OFF, IGNORE_DUP_KEY = OFF, ALLOW_ROW_LOCKS = ON, ALLOW_PAGE_LOCKS = ON, OPTIMIZE_FOR_SEQUENTIAL_KEY = OFF) ON [PRIMARY]\r\n) ON [PRIMARY]\r\nGO\r\n"],"metadata":{"urn":"Server[@Name='LAPTOP-A1S3V5JM']/Database[@Name='Kokaz']/Table[@Name='GroupPrivilege' and @Schema='dbo']","object_type":"Table"}},{"cell_type":"markdown","source":["# [dbo].[Income]"],"metadata":{"urn":"Server[@Name='LAPTOP-A1S3V5JM']/Database[@Name='Kokaz']/Table[@Name='Income' and @Schema='dbo']","object_type":"Table"}},{"outputs":[],"execution_count":0,"cell_type":"code","source":["/****** Object:  Table [dbo].[Income]    Script Date: 9/23/2022 2:11:31 AM ******/\r\nSET ANSI_NULLS ON\r\n","GO\r\n","SET QUOTED_IDENTIFIER ON\r\n","GO\r\n","CREATE TABLE [dbo].[Income](\r\n\t[Id] [int] IDENTITY(1,1) NOT NULL,\r\n\t[Amount] [decimal](18, 2) NOT NULL,\r\n\t[Date] [date] NOT NULL,\r\n\t[Earining] [decimal](18, 2) NOT NULL,\r\n\t[Note] [nvarchar](max) NULL,\r\n\t[userId] [int] NOT NULL,\r\n\t[IncomeTypeId] [int] NOT NULL,\r\n\t[BranchId] [int] NOT NULL,\r\n CONSTRAINT [PK_Income] PRIMARY KEY CLUSTERED \r\n(\r\n\t[Id] ASC\r\n)WITH (PAD_INDEX = OFF, STATISTICS_NORECOMPUTE = OFF, IGNORE_DUP_KEY = OFF, ALLOW_ROW_LOCKS = ON, ALLOW_PAGE_LOCKS = ON, OPTIMIZE_FOR_SEQUENTIAL_KEY = OFF) ON [PRIMARY]\r\n) ON [PRIMARY] TEXTIMAGE_ON [PRIMARY]\r\nGO\r\n"],"metadata":{"urn":"Server[@Name='LAPTOP-A1S3V5JM']/Database[@Name='Kokaz']/Table[@Name='Income' and @Schema='dbo']","object_type":"Table"}},{"cell_type":"markdown","source":["# [dbo].[IncomeType]"],"metadata":{"urn":"Server[@Name='LAPTOP-A1S3V5JM']/Database[@Name='Kokaz']/Table[@Name='IncomeType' and @Schema='dbo']","object_type":"Table"}},{"outputs":[],"execution_count":0,"cell_type":"code","source":["/****** Object:  Table [dbo].[IncomeType]    Script Date: 9/23/2022 2:11:31 AM ******/\r\nSET ANSI_NULLS ON\r\n","GO\r\n","SET QUOTED_IDENTIFIER ON\r\n","GO\r\n","CREATE TABLE [dbo].[IncomeType](\r\n\t[Id] [int] IDENTITY(1,1) NOT NULL,\r\n\t[Name] [nvarchar](50) NOT NULL,\r\n CONSTRAINT [PK_IncomeType] PRIMARY KEY CLUSTERED \r\n(\r\n\t[Id] ASC\r\n)WITH (PAD_INDEX = OFF, STATISTICS_NORECOMPUTE = OFF, IGNORE_DUP_KEY = OFF, ALLOW_ROW_LOCKS = ON, ALLOW_PAGE_LOCKS = ON, OPTIMIZE_FOR_SEQUENTIAL_KEY = OFF) ON [PRIMARY]\r\n) ON [PRIMARY]\r\nGO\r\n"],"metadata":{"urn":"Server[@Name='LAPTOP-A1S3V5JM']/Database[@Name='Kokaz']/Table[@Name='IncomeType' and @Schema='dbo']","object_type":"Table"}},{"cell_type":"markdown","source":["# [dbo].[Market]"],"metadata":{"urn":"Server[@Name='LAPTOP-A1S3V5JM']/Database[@Name='Kokaz']/Table[@Name='Market' and @Schema='dbo']","object_type":"Table"}},{"outputs":[],"execution_count":0,"cell_type":"code","source":["/****** Object:  Table [dbo].[Market]    Script Date: 9/23/2022 2:11:31 AM ******/\r\nSET ANSI_NULLS ON\r\n","GO\r\n","SET QUOTED_IDENTIFIER ON\r\n","GO\r\n","CREATE TABLE [dbo].[Market](\r\n\t[Id] [int] IDENTITY(1,1) NOT NULL,\r\n\t[Name] [nvarchar](max) NULL,\r\n\t[MarketUrl] [nvarchar](max) NULL,\r\n\t[LogoPath] [nvarchar](max) NULL,\r\n\t[Description] [nvarchar](max) NULL,\r\n\t[ClientId] [int] NULL,\r\n\t[IsActive] [bit] NULL,\r\nPRIMARY KEY CLUSTERED \r\n(\r\n\t[Id] ASC\r\n)WITH (PAD_INDEX = OFF, STATISTICS_NORECOMPUTE = OFF, IGNORE_DUP_KEY = OFF, ALLOW_ROW_LOCKS = ON, ALLOW_PAGE_LOCKS = ON, OPTIMIZE_FOR_SEQUENTIAL_KEY = OFF) ON [PRIMARY]\r\n) ON [PRIMARY] TEXTIMAGE_ON [PRIMARY]\r\nGO\r\n"],"metadata":{"urn":"Server[@Name='LAPTOP-A1S3V5JM']/Database[@Name='Kokaz']/Table[@Name='Market' and @Schema='dbo']","object_type":"Table"}},{"cell_type":"markdown","source":["# [dbo].[MoenyPlaced]"],"metadata":{"urn":"Server[@Name='LAPTOP-A1S3V5JM']/Database[@Name='Kokaz']/Table[@Name='MoenyPlaced' and @Schema='dbo']","object_type":"Table"}},{"outputs":[],"execution_count":0,"cell_type":"code","source":["/****** Object:  Table [dbo].[MoenyPlaced]    Script Date: 9/23/2022 2:11:31 AM ******/\r\nSET ANSI_NULLS ON\r\n","GO\r\n","SET QUOTED_IDENTIFIER ON\r\n","GO\r\n","CREATE TABLE [dbo].[MoenyPlaced](\r\n\t[Id] [int] NOT NULL,\r\n\t[Name] [nvarchar](50) NOT NULL,\r\n CONSTRAINT [PK_MoenyPlaced] PRIMARY KEY CLUSTERED \r\n(\r\n\t[Id] ASC\r\n)WITH (PAD_INDEX = OFF, STATISTICS_NORECOMPUTE = OFF, IGNORE_DUP_KEY = OFF, ALLOW_ROW_LOCKS = ON, ALLOW_PAGE_LOCKS = ON, OPTIMIZE_FOR_SEQUENTIAL_KEY = OFF) ON [PRIMARY]\r\n) ON [PRIMARY]\r\nGO\r\n"],"metadata":{"urn":"Server[@Name='LAPTOP-A1S3V5JM']/Database[@Name='Kokaz']/Table[@Name='MoenyPlaced' and @Schema='dbo']","object_type":"Table"}},{"cell_type":"markdown","source":["# [dbo].[Notfication]"],"metadata":{"urn":"Server[@Name='LAPTOP-A1S3V5JM']/Database[@Name='Kokaz']/Table[@Name='Notfication' and @Schema='dbo']","object_type":"Table"}},{"outputs":[],"execution_count":0,"cell_type":"code","source":["/****** Object:  Table [dbo].[Notfication]    Script Date: 9/23/2022 2:11:31 AM ******/\r\nSET ANSI_NULLS ON\r\n","GO\r\n","SET QUOTED_IDENTIFIER ON\r\n","GO\r\n","CREATE TABLE [dbo].[Notfication](\r\n\t[Id] [int] IDENTITY(1,1) NOT NULL,\r\n\t[ClientId] [int] NOT NULL,\r\n\t[Note] [nvarchar](max) NULL,\r\n\t[OrderCount] [int] NULL,\r\n\t[OrderPlacedId] [int] NULL,\r\n\t[MoneyPlacedId] [int] NULL,\r\n\t[IsSeen] [bit] NULL,\r\nPRIMARY KEY CLUSTERED \r\n(\r\n\t[Id] ASC\r\n)WITH (PAD_INDEX = OFF, STATISTICS_NORECOMPUTE = OFF, IGNORE_DUP_KEY = OFF, ALLOW_ROW_LOCKS = ON, ALLOW_PAGE_LOCKS = ON, OPTIMIZE_FOR_SEQUENTIAL_KEY = OFF) ON [PRIMARY]\r\n) ON [PRIMARY] TEXTIMAGE_ON [PRIMARY]\r\nGO\r\n"],"metadata":{"urn":"Server[@Name='LAPTOP-A1S3V5JM']/Database[@Name='Kokaz']/Table[@Name='Notfication' and @Schema='dbo']","object_type":"Table"}},{"cell_type":"markdown","source":["# [dbo].[Order]"],"metadata":{"urn":"Server[@Name='LAPTOP-A1S3V5JM']/Database[@Name='Kokaz']/Table[@Name='Order' and @Schema='dbo']","object_type":"Table"}},{"outputs":[],"execution_count":0,"cell_type":"code","source":["/****** Object:  Table [dbo].[Order]    Script Date: 9/23/2022 2:11:31 AM ******/\r\nSET ANSI_NULLS ON\r\n","GO\r\n","SET QUOTED_IDENTIFIER ON\r\n","GO\r\n","CREATE TABLE [dbo].[Order](\r\n\t[Id] [int] IDENTITY(1,1) NOT NULL,\r\n\t[Code] [nvarchar](50) NOT NULL,\r\n\t[ClientId] [int] NOT NULL,\r\n\t[CountryId] [int] NOT NULL,\r\n\t[DeliveryCost] [decimal](18, 2) NOT NULL,\r\n\t[Cost] [decimal](18, 2) NOT NULL,\r\n\t[OldCost] [decimal](18, 2) NULL,\r\n\t[AgentCost] [decimal](18, 2) NOT NULL,\r\n\t[RecipientName] [nvarchar](50) NULL,\r\n\t[RecipientPhones] [nvarchar](max) NOT NULL,\r\n\t[RegionId] [int] NULL,\r\n\t[Address] [nvarchar](max) NULL,\r\n\t[ClientNote] [nvarchar](max) NULL,\r\n\t[CreatedBy] [nvarchar](max) NULL,\r\n\t[MoenyPlacedId] [int] NOT NULL,\r\n\t[OrderplacedId] [int] NOT NULL,\r\n\t[Date] [datetime] NULL,\r\n\t[DiliveryDate] [date] NULL,\r\n\t[Note] [nvarchar](max) NULL,\r\n\t[AgentId] [int] NULL,\r\n\t[seen] [bit] NULL,\r\n\t[IsClientDiliverdMoney] [bit] NOT NULL,\r\n\t[IsSync] [bit] NOT NULL,\r\n\t[OrderStateId] [int] NOT NULL,\r\n\t[IsDollar] [bit] NOT NULL,\r\n\t[UpdatedBy] [nvarchar](max) NULL,\r\n\t[UpdatedDate] [date] NULL,\r\n\t[SystemNote] [nvarchar](max) NULL,\r\n\t[OldDeliveryCost] [money] NULL,\r\n\t[IsSend] [bit] NULL,\r\n\t[ClientPaied] [money] NULL,\r\n\t[CurrentCountry] [int] NULL,\r\n\t[PrintedTimes] [int] NOT NULL,\r\n\t[AgentRequestStatus] [int] NOT NULL,\r\n\t[BranchId] [int] NOT NULL,\r\n\t[SecondBranchId] [int] NULL,\r\n\t[NewCost] [decimal](18, 2) NULL,\r\n\t[NewOrderPlacedId] [int] NULL,\r\n CONSTRAINT [PK_Order] PRIMARY KEY CLUSTERED \r\n(\r\n\t[Id] ASC\r\n)WITH (PAD_INDEX = OFF, STATISTICS_NORECOMPUTE = OFF, IGNORE_DUP_KEY = OFF, ALLOW_ROW_LOCKS = ON, ALLOW_PAGE_LOCKS = ON, OPTIMIZE_FOR_SEQUENTIAL_KEY = OFF) ON [PRIMARY]\r\n) ON [PRIMARY] TEXTIMAGE_ON [PRIMARY]\r\nGO\r\n"],"metadata":{"urn":"Server[@Name='LAPTOP-A1S3V5JM']/Database[@Name='Kokaz']/Table[@Name='Order' and @Schema='dbo']","object_type":"Table"}},{"cell_type":"markdown","source":["# [dbo].[OrderClientPaymnet]"],"metadata":{"urn":"Server[@Name='LAPTOP-A1S3V5JM']/Database[@Name='Kokaz']/Table[@Name='OrderClientPaymnet' and @Schema='dbo']","object_type":"Table"}},{"outputs":[],"execution_count":0,"cell_type":"code","source":["/****** Object:  Table [dbo].[OrderClientPaymnet]    Script Date: 9/23/2022 2:11:31 AM ******/\r\nSET ANSI_NULLS ON\r\n","GO\r\n","SET QUOTED_IDENTIFIER ON\r\n","GO\r\n","CREATE TABLE [dbo].[OrderClientPaymnet](\r\n\t[OrderId] [int] NOT NULL,\r\n\t[ClientPaymentId] [int] NOT NULL,\r\n CONSTRAINT [Pk_OrderClientPaymnet] PRIMARY KEY CLUSTERED \r\n(\r\n\t[OrderId] ASC,\r\n\t[ClientPaymentId] ASC\r\n)WITH (PAD_INDEX = OFF, STATISTICS_NORECOMPUTE = OFF, IGNORE_DUP_KEY = OFF, ALLOW_ROW_LOCKS = ON, ALLOW_PAGE_LOCKS = ON, OPTIMIZE_FOR_SEQUENTIAL_KEY = OFF) ON [PRIMARY]\r\n) ON [PRIMARY]\r\nGO\r\n"],"metadata":{"urn":"Server[@Name='LAPTOP-A1S3V5JM']/Database[@Name='Kokaz']/Table[@Name='OrderClientPaymnet' and @Schema='dbo']","object_type":"Table"}},{"cell_type":"markdown","source":["# [dbo].[OrderFromExcel]"],"metadata":{"urn":"Server[@Name='LAPTOP-A1S3V5JM']/Database[@Name='Kokaz']/Table[@Name='OrderFromExcel' and @Schema='dbo']","object_type":"Table"}},{"outputs":[],"execution_count":0,"cell_type":"code","source":["/****** Object:  Table [dbo].[OrderFromExcel]    Script Date: 9/23/2022 2:11:31 AM ******/\r\nSET ANSI_NULLS ON\r\n","GO\r\n","SET QUOTED_IDENTIFIER ON\r\n","GO\r\n","CREATE TABLE [dbo].[OrderFromExcel](\r\n\t[Id] [int] IDENTITY(1,1) NOT NULL,\r\n\t[Code] [nvarchar](50) NOT NULL,\r\n\t[RecipientName] [nvarchar](50) NULL,\r\n\t[Country] [nvarchar](50) NOT NULL,\r\n\t[Cost] [decimal](18, 2) NOT NULL,\r\n\t[Address] [nvarchar](max) NULL,\r\n\t[Phone] [nvarchar](15) NULL,\r\n\t[Note] [nvarchar](max) NULL,\r\n\t[ClientId] [int] NOT NULL,\r\n\t[CreateDate] [date] NOT NULL,\r\nPRIMARY KEY CLUSTERED \r\n(\r\n\t[Id] ASC\r\n)WITH (PAD_INDEX = OFF, STATISTICS_NORECOMPUTE = OFF, IGNORE_DUP_KEY = OFF, ALLOW_ROW_LOCKS = ON, ALLOW_PAGE_LOCKS = ON, OPTIMIZE_FOR_SEQUENTIAL_KEY = OFF) ON [PRIMARY]\r\n) ON [PRIMARY] TEXTIMAGE_ON [PRIMARY]\r\nGO\r\n"],"metadata":{"urn":"Server[@Name='LAPTOP-A1S3V5JM']/Database[@Name='Kokaz']/Table[@Name='OrderFromExcel' and @Schema='dbo']","object_type":"Table"}},{"cell_type":"markdown","source":["# [dbo].[OrderItem]"],"metadata":{"urn":"Server[@Name='LAPTOP-A1S3V5JM']/Database[@Name='Kokaz']/Table[@Name='OrderItem' and @Schema='dbo']","object_type":"Table"}},{"outputs":[],"execution_count":0,"cell_type":"code","source":["/****** Object:  Table [dbo].[OrderItem]    Script Date: 9/23/2022 2:11:31 AM ******/\r\nSET ANSI_NULLS ON\r\n","GO\r\n","SET QUOTED_IDENTIFIER ON\r\n","GO\r\n","CREATE TABLE [dbo].[OrderItem](\r\n\t[OrderId] [int] NOT NULL,\r\n\t[OrderTpyeId] [int] NOT NULL,\r\n\t[Count] [real] NULL,\r\n CONSTRAINT [PK_OrderOrderType] PRIMARY KEY CLUSTERED \r\n(\r\n\t[OrderId] ASC,\r\n\t[OrderTpyeId] ASC\r\n)WITH (PAD_INDEX = OFF, STATISTICS_NORECOMPUTE = OFF, IGNORE_DUP_KEY = OFF, ALLOW_ROW_LOCKS = ON, ALLOW_PAGE_LOCKS = ON, OPTIMIZE_FOR_SEQUENTIAL_KEY = OFF) ON [PRIMARY]\r\n) ON [PRIMARY]\r\nGO\r\n"],"metadata":{"urn":"Server[@Name='LAPTOP-A1S3V5JM']/Database[@Name='Kokaz']/Table[@Name='OrderItem' and @Schema='dbo']","object_type":"Table"}},{"cell_type":"markdown","source":["# [dbo].[OrderLog]"],"metadata":{"urn":"Server[@Name='LAPTOP-A1S3V5JM']/Database[@Name='Kokaz']/Table[@Name='OrderLog' and @Schema='dbo']","object_type":"Table"}},{"outputs":[],"execution_count":0,"cell_type":"code","source":["/****** Object:  Table [dbo].[OrderLog]    Script Date: 9/23/2022 2:11:31 AM ******/\r\nSET ANSI_NULLS ON\r\n","GO\r\n","SET QUOTED_IDENTIFIER ON\r\n","GO\r\n","CREATE TABLE [dbo].[OrderLog](\r\n\t[Id] [int] IDENTITY(1,1) NOT NULL,\r\n\t[Code] [nvarchar](50) NOT NULL,\r\n\t[ClientId] [int] NOT NULL,\r\n\t[CountryId] [int] NOT NULL,\r\n\t[DeliveryCost] [decimal](18, 2) NOT NULL,\r\n\t[Cost] [decimal](18, 2) NOT NULL,\r\n\t[OldCost] [decimal](18, 2) NULL,\r\n\t[AgentCost] [decimal](18, 2) NOT NULL,\r\n\t[RecipientName] [nvarchar](50) NULL,\r\n\t[RecipientPhones] [nvarchar](max) NOT NULL,\r\n\t[RegionId] [int] NULL,\r\n\t[Address] [nvarchar](max) NULL,\r\n\t[ClientNote] [nvarchar](max) NULL,\r\n\t[MoenyPlacedId] [int] NOT NULL,\r\n\t[OrderplacedId] [int] NOT NULL,\r\n\t[Date] [date] NULL,\r\n\t[DiliveryDate] [date] NULL,\r\n\t[Note] [nvarchar](max) NULL,\r\n\t[AgentId] [int] NULL,\r\n\t[seen] [bit] NULL,\r\n\t[IsClientDiliverdMoney] [bit] NOT NULL,\r\n\t[IsSync] [bit] NOT NULL,\r\n\t[OrderStateId] [int] NOT NULL,\r\n\t[UpdatedBy] [nvarchar](max) NULL,\r\n\t[OrderId] [int] NOT NULL,\r\n\t[IsDollar] [bit] NULL,\r\n\t[UpdatedDate] [date] NULL,\r\n\t[SystemNote] [nvarchar](max) NULL,\r\n CONSTRAINT [PK_OrderLog] PRIMARY KEY CLUSTERED \r\n(\r\n\t[Id] ASC\r\n)WITH (PAD_INDEX = OFF, STATISTICS_NORECOMPUTE = OFF, IGNORE_DUP_KEY = OFF, ALLOW_ROW_LOCKS = ON, ALLOW_PAGE_LOCKS = ON, OPTIMIZE_FOR_SEQUENTIAL_KEY = OFF) ON [PRIMARY]\r\n) ON [PRIMARY] TEXTIMAGE_ON [PRIMARY]\r\nGO\r\n"],"metadata":{"urn":"Server[@Name='LAPTOP-A1S3V5JM']/Database[@Name='Kokaz']/Table[@Name='OrderLog' and @Schema='dbo']","object_type":"Table"}},{"cell_type":"markdown","source":["# [dbo].[OrderPlaced]"],"metadata":{"urn":"Server[@Name='LAPTOP-A1S3V5JM']/Database[@Name='Kokaz']/Table[@Name='OrderPlaced' and @Schema='dbo']","object_type":"Table"}},{"outputs":[],"execution_count":0,"cell_type":"code","source":["/****** Object:  Table [dbo].[OrderPlaced]    Script Date: 9/23/2022 2:11:31 AM ******/\r\nSET ANSI_NULLS ON\r\n","GO\r\n","SET QUOTED_IDENTIFIER ON\r\n","GO\r\n","CREATE TABLE [dbo].[OrderPlaced](\r\n\t[Id] [int] NOT NULL,\r\n\t[Name] [nvarchar](50) NOT NULL,\r\n CONSTRAINT [PK_OrderPlaced] PRIMARY KEY CLUSTERED \r\n(\r\n\t[Id] ASC\r\n)WITH (PAD_INDEX = OFF, STATISTICS_NORECOMPUTE = OFF, IGNORE_DUP_KEY = OFF, ALLOW_ROW_LOCKS = ON, ALLOW_PAGE_LOCKS = ON, OPTIMIZE_FOR_SEQUENTIAL_KEY = OFF) ON [PRIMARY]\r\n) ON [PRIMARY]\r\nGO\r\n"],"metadata":{"urn":"Server[@Name='LAPTOP-A1S3V5JM']/Database[@Name='Kokaz']/Table[@Name='OrderPlaced' and @Schema='dbo']","object_type":"Table"}},{"cell_type":"markdown","source":["# [dbo].[OrderState]"],"metadata":{"urn":"Server[@Name='LAPTOP-A1S3V5JM']/Database[@Name='Kokaz']/Table[@Name='OrderState' and @Schema='dbo']","object_type":"Table"}},{"outputs":[],"execution_count":0,"cell_type":"code","source":["/****** Object:  Table [dbo].[OrderState]    Script Date: 9/23/2022 2:11:31 AM ******/\r\nSET ANSI_NULLS ON\r\n","GO\r\n","SET QUOTED_IDENTIFIER ON\r\n","GO\r\n","CREATE TABLE [dbo].[OrderState](\r\n\t[Id] [int] NOT NULL,\r\n\t[State] [nvarchar](max) NOT NULL,\r\n CONSTRAINT [PK_OrderState] PRIMARY KEY CLUSTERED \r\n(\r\n\t[Id] ASC\r\n)WITH (PAD_INDEX = OFF, STATISTICS_NORECOMPUTE = OFF, IGNORE_DUP_KEY = OFF, ALLOW_ROW_LOCKS = ON, ALLOW_PAGE_LOCKS = ON, OPTIMIZE_FOR_SEQUENTIAL_KEY = OFF) ON [PRIMARY]\r\n) ON [PRIMARY] TEXTIMAGE_ON [PRIMARY]\r\nGO\r\n"],"metadata":{"urn":"Server[@Name='LAPTOP-A1S3V5JM']/Database[@Name='Kokaz']/Table[@Name='OrderState' and @Schema='dbo']","object_type":"Table"}},{"cell_type":"markdown","source":["# [dbo].[OrderType]"],"metadata":{"urn":"Server[@Name='LAPTOP-A1S3V5JM']/Database[@Name='Kokaz']/Table[@Name='OrderType' and @Schema='dbo']","object_type":"Table"}},{"outputs":[],"execution_count":0,"cell_type":"code","source":["/****** Object:  Table [dbo].[OrderType]    Script Date: 9/23/2022 2:11:31 AM ******/\r\nSET ANSI_NULLS ON\r\n","GO\r\n","SET QUOTED_IDENTIFIER ON\r\n","GO\r\n","CREATE TABLE [dbo].[OrderType](\r\n\t[Id] [int] IDENTITY(1,1) NOT NULL,\r\n\t[Name] [nvarchar](50) NOT NULL,\r\n\t[BranchId] [int] NOT NULL,\r\n CONSTRAINT [PK_OrderType] PRIMARY KEY CLUSTERED \r\n(\r\n\t[Id] ASC\r\n)WITH (PAD_INDEX = OFF, STATISTICS_NORECOMPUTE = OFF, IGNORE_DUP_KEY = OFF, ALLOW_ROW_LOCKS = ON, ALLOW_PAGE_LOCKS = ON, OPTIMIZE_FOR_SEQUENTIAL_KEY = OFF) ON [PRIMARY]\r\n) ON [PRIMARY]\r\nGO\r\n"],"metadata":{"urn":"Server[@Name='LAPTOP-A1S3V5JM']/Database[@Name='Kokaz']/Table[@Name='OrderType' and @Schema='dbo']","object_type":"Table"}},{"cell_type":"markdown","source":["# [dbo].[OutCome]"],"metadata":{"urn":"Server[@Name='LAPTOP-A1S3V5JM']/Database[@Name='Kokaz']/Table[@Name='OutCome' and @Schema='dbo']","object_type":"Table"}},{"outputs":[],"execution_count":0,"cell_type":"code","source":["/****** Object:  Table [dbo].[OutCome]    Script Date: 9/23/2022 2:11:31 AM ******/\r\nSET ANSI_NULLS ON\r\n","GO\r\n","SET QUOTED_IDENTIFIER ON\r\n","GO\r\n","CREATE TABLE [dbo].[OutCome](\r\n\t[Id] [int] IDENTITY(1,1) NOT NULL,\r\n\t[Amount] [decimal](18, 2) NOT NULL,\r\n\t[Date] [date] NOT NULL,\r\n\t[Reason] [nvarchar](max) NULL,\r\n\t[Note] [nvarchar](max) NULL,\r\n\t[userId] [int] NOT NULL,\r\n\t[OutComeTypeId] [int] NOT NULL,\r\n\t[BranchId] [int] NOT NULL,\r\n CONSTRAINT [PK_OutCome] PRIMARY KEY CLUSTERED \r\n(\r\n\t[Id] ASC\r\n)WITH (PAD_INDEX = OFF, STATISTICS_NORECOMPUTE = OFF, IGNORE_DUP_KEY = OFF, ALLOW_ROW_LOCKS = ON, ALLOW_PAGE_LOCKS = ON, OPTIMIZE_FOR_SEQUENTIAL_KEY = OFF) ON [PRIMARY]\r\n) ON [PRIMARY] TEXTIMAGE_ON [PRIMARY]\r\nGO\r\n"],"metadata":{"urn":"Server[@Name='LAPTOP-A1S3V5JM']/Database[@Name='Kokaz']/Table[@Name='OutCome' and @Schema='dbo']","object_type":"Table"}},{"cell_type":"markdown","source":["# [dbo].[OutComeType]"],"metadata":{"urn":"Server[@Name='LAPTOP-A1S3V5JM']/Database[@Name='Kokaz']/Table[@Name='OutComeType' and @Schema='dbo']","object_type":"Table"}},{"outputs":[],"execution_count":0,"cell_type":"code","source":["/****** Object:  Table [dbo].[OutComeType]    Script Date: 9/23/2022 2:11:31 AM ******/\r\nSET ANSI_NULLS ON\r\n","GO\r\n","SET QUOTED_IDENTIFIER ON\r\n","GO\r\n","CREATE TABLE [dbo].[OutComeType](\r\n\t[Id] [int] IDENTITY(1,1) NOT NULL,\r\n\t[Name] [nvarchar](50) NOT NULL,\r\n CONSTRAINT [PK_OutComeType] PRIMARY KEY CLUSTERED \r\n(\r\n\t[Id] ASC\r\n)WITH (PAD_INDEX = OFF, STATISTICS_NORECOMPUTE = OFF, IGNORE_DUP_KEY = OFF, ALLOW_ROW_LOCKS = ON, ALLOW_PAGE_LOCKS = ON, OPTIMIZE_FOR_SEQUENTIAL_KEY = OFF) ON [PRIMARY]\r\n) ON [PRIMARY]\r\nGO\r\n"],"metadata":{"urn":"Server[@Name='LAPTOP-A1S3V5JM']/Database[@Name='Kokaz']/Table[@Name='OutComeType' and @Schema='dbo']","object_type":"Table"}},{"cell_type":"markdown","source":["# [dbo].[PaymentRequest]"],"metadata":{"urn":"Server[@Name='LAPTOP-A1S3V5JM']/Database[@Name='Kokaz']/Table[@Name='PaymentRequest' and @Schema='dbo']","object_type":"Table"}},{"outputs":[],"execution_count":0,"cell_type":"code","source":["/****** Object:  Table [dbo].[PaymentRequest]    Script Date: 9/23/2022 2:11:31 AM ******/\r\nSET ANSI_NULLS ON\r\n","GO\r\n","SET QUOTED_IDENTIFIER ON\r\n","GO\r\n","CREATE TABLE [dbo].[PaymentRequest](\r\n\t[Id] [int] IDENTITY(1,1) NOT NULL,\r\n\t[ClientId] [int] NOT NULL,\r\n\t[PaymentWayId] [int] NOT NULL,\r\n\t[Note] [nvarchar](max) NULL,\r\n\t[Accept] [bit] NULL,\r\n\t[CreateDate] [date] NOT NULL,\r\n\t[BranchId] [int] NOT NULL,\r\n CONSTRAINT [PK__PaymentR__3214EC07D76BAD63] PRIMARY KEY CLUSTERED \r\n(\r\n\t[Id] ASC\r\n)WITH (PAD_INDEX = OFF, STATISTICS_NORECOMPUTE = OFF, IGNORE_DUP_KEY = OFF, ALLOW_ROW_LOCKS = ON, ALLOW_PAGE_LOCKS = ON, OPTIMIZE_FOR_SEQUENTIAL_KEY = OFF) ON [PRIMARY]\r\n) ON [PRIMARY] TEXTIMAGE_ON [PRIMARY]\r\nGO\r\n"],"metadata":{"urn":"Server[@Name='LAPTOP-A1S3V5JM']/Database[@Name='Kokaz']/Table[@Name='PaymentRequest' and @Schema='dbo']","object_type":"Table"}},{"cell_type":"markdown","source":["# [dbo].[PaymentWay]"],"metadata":{"urn":"Server[@Name='LAPTOP-A1S3V5JM']/Database[@Name='Kokaz']/Table[@Name='PaymentWay' and @Schema='dbo']","object_type":"Table"}},{"outputs":[],"execution_count":0,"cell_type":"code","source":["/****** Object:  Table [dbo].[PaymentWay]    Script Date: 9/23/2022 2:11:31 AM ******/\r\nSET ANSI_NULLS ON\r\n","GO\r\n","SET QUOTED_IDENTIFIER ON\r\n","GO\r\n","CREATE TABLE [dbo].[PaymentWay](\r\n\t[Id] [int] IDENTITY(1,1) NOT NULL,\r\n\t[Name] [nvarchar](max) NOT NULL,\r\n\t[BranchId] [int] NOT NULL,\r\nPRIMARY KEY CLUSTERED \r\n(\r\n\t[Id] ASC\r\n)WITH (PAD_INDEX = OFF, STATISTICS_NORECOMPUTE = OFF, IGNORE_DUP_KEY = OFF, ALLOW_ROW_LOCKS = ON, ALLOW_PAGE_LOCKS = ON, OPTIMIZE_FOR_SEQUENTIAL_KEY = OFF) ON [PRIMARY]\r\n) ON [PRIMARY] TEXTIMAGE_ON [PRIMARY]\r\nGO\r\n"],"metadata":{"urn":"Server[@Name='LAPTOP-A1S3V5JM']/Database[@Name='Kokaz']/Table[@Name='PaymentWay' and @Schema='dbo']","object_type":"Table"}},{"cell_type":"markdown","source":["# [dbo].[PointsSetting]"],"metadata":{"urn":"Server[@Name='LAPTOP-A1S3V5JM']/Database[@Name='Kokaz']/Table[@Name='PointsSetting' and @Schema='dbo']","object_type":"Table"}},{"outputs":[],"execution_count":0,"cell_type":"code","source":["/****** Object:  Table [dbo].[PointsSetting]    Script Date: 9/23/2022 2:11:31 AM ******/\r\nSET ANSI_NULLS ON\r\n","GO\r\n","SET QUOTED_IDENTIFIER ON\r\n","GO\r\n","CREATE TABLE [dbo].[PointsSetting](\r\n\t[Id] [int] IDENTITY(1,1) NOT NULL,\r\n\t[Points] [int] NOT NULL,\r\n\t[Money] [money] NOT NULL,\r\n\t[BranchId] [int] NOT NULL,\r\nPRIMARY KEY CLUSTERED \r\n(\r\n\t[Id] ASC\r\n)WITH (PAD_INDEX = OFF, STATISTICS_NORECOMPUTE = OFF, IGNORE_DUP_KEY = OFF, ALLOW_ROW_LOCKS = ON, ALLOW_PAGE_LOCKS = ON, OPTIMIZE_FOR_SEQUENTIAL_KEY = OFF) ON [PRIMARY]\r\n) ON [PRIMARY]\r\nGO\r\n"],"metadata":{"urn":"Server[@Name='LAPTOP-A1S3V5JM']/Database[@Name='Kokaz']/Table[@Name='PointsSetting' and @Schema='dbo']","object_type":"Table"}},{"cell_type":"markdown","source":["# [dbo].[Privilege]"],"metadata":{"urn":"Server[@Name='LAPTOP-A1S3V5JM']/Database[@Name='Kokaz']/Table[@Name='Privilege' and @Schema='dbo']","object_type":"Table"}},{"outputs":[],"execution_count":0,"cell_type":"code","source":["/****** Object:  Table [dbo].[Privilege]    Script Date: 9/23/2022 2:11:31 AM ******/\r\nSET ANSI_NULLS ON\r\n","GO\r\n","SET QUOTED_IDENTIFIER ON\r\n","GO\r\n","CREATE TABLE [dbo].[Privilege](\r\n\t[Id] [int] NOT NULL,\r\n\t[Name] [nvarchar](50) NOT NULL,\r\n\t[SysName] [nvarchar](50) NULL,\r\n CONSTRAINT [PK_Privilege] PRIMARY KEY CLUSTERED \r\n(\r\n\t[Id] ASC\r\n)WITH (PAD_INDEX = OFF, STATISTICS_NORECOMPUTE = OFF, IGNORE_DUP_KEY = OFF, ALLOW_ROW_LOCKS = ON, ALLOW_PAGE_LOCKS = ON, OPTIMIZE_FOR_SEQUENTIAL_KEY = OFF) ON [PRIMARY]\r\n) ON [PRIMARY]\r\nGO\r\n"],"metadata":{"urn":"Server[@Name='LAPTOP-A1S3V5JM']/Database[@Name='Kokaz']/Table[@Name='Privilege' and @Schema='dbo']","object_type":"Table"}},{"cell_type":"markdown","source":["# [dbo].[Receipt]"],"metadata":{"urn":"Server[@Name='LAPTOP-A1S3V5JM']/Database[@Name='Kokaz']/Table[@Name='Receipt' and @Schema='dbo']","object_type":"Table"}},{"outputs":[],"execution_count":0,"cell_type":"code","source":["/****** Object:  Table [dbo].[Receipt]    Script Date: 9/23/2022 2:11:31 AM ******/\r\nSET ANSI_NULLS ON\r\n","GO\r\n","SET QUOTED_IDENTIFIER ON\r\n","GO\r\n","CREATE TABLE [dbo].[Receipt](\r\n\t[Id] [int] IDENTITY(1,1) NOT NULL,\r\n\t[ClientId] [int] NOT NULL,\r\n\t[Amount] [decimal](18, 2) NOT NULL,\r\n\t[Date] [date] NOT NULL,\r\n\t[Note] [nvarchar](max) NOT NULL,\r\n\t[CreatedBy] [nvarchar](max) NOT NULL,\r\n\t[About] [nvarchar](max) NULL,\r\n\t[Manager] [nvarchar](max) NOT NULL,\r\n\t[IsPay] [bit] NOT NULL,\r\n\t[ClientPaymentId] [int] NULL,\r\n\t[BranchId] [int] NOT NULL,\r\n CONSTRAINT [PK_Table_1] PRIMARY KEY CLUSTERED \r\n(\r\n\t[Id] ASC\r\n)WITH (PAD_INDEX = OFF, STATISTICS_NORECOMPUTE = OFF, IGNORE_DUP_KEY = OFF, ALLOW_ROW_LOCKS = ON, ALLOW_PAGE_LOCKS = ON, OPTIMIZE_FOR_SEQUENTIAL_KEY = OFF) ON [PRIMARY]\r\n) ON [PRIMARY] TEXTIMAGE_ON [PRIMARY]\r\nGO\r\n"],"metadata":{"urn":"Server[@Name='LAPTOP-A1S3V5JM']/Database[@Name='Kokaz']/Table[@Name='Receipt' and @Schema='dbo']","object_type":"Table"}},{"cell_type":"markdown","source":["# [dbo].[ReceiptOfTheOrderStatus]"],"metadata":{"urn":"Server[@Name='LAPTOP-A1S3V5JM']/Database[@Name='Kokaz']/Table[@Name='ReceiptOfTheOrderStatus' and @Schema='dbo']","object_type":"Table"}},{"outputs":[],"execution_count":0,"cell_type":"code","source":["/****** Object:  Table [dbo].[ReceiptOfTheOrderStatus]    Script Date: 9/23/2022 2:11:31 AM ******/\r\nSET ANSI_NULLS ON\r\n","GO\r\n","SET QUOTED_IDENTIFIER ON\r\n","GO\r\n","CREATE TABLE [dbo].[ReceiptOfTheOrderStatus](\r\n\t[Id] [int] IDENTITY(1,1) NOT NULL,\r\n\t[CreatedOn] [date] NOT NULL,\r\n\t[RecvierId] [int] NOT NULL,\r\nPRIMARY KEY CLUSTERED \r\n(\r\n\t[Id] ASC\r\n)WITH (PAD_INDEX = OFF, STATISTICS_NORECOMPUTE = OFF, IGNORE_DUP_KEY = OFF, ALLOW_ROW_LOCKS = ON, ALLOW_PAGE_LOCKS = ON, OPTIMIZE_FOR_SEQUENTIAL_KEY = OFF) ON [PRIMARY]\r\n) ON [PRIMARY]\r\nGO\r\n"],"metadata":{"urn":"Server[@Name='LAPTOP-A1S3V5JM']/Database[@Name='Kokaz']/Table[@Name='ReceiptOfTheOrderStatus' and @Schema='dbo']","object_type":"Table"}},{"cell_type":"markdown","source":["# [dbo].[ReceiptOfTheOrderStatusDetalis]"],"metadata":{"urn":"Server[@Name='LAPTOP-A1S3V5JM']/Database[@Name='Kokaz']/Table[@Name='ReceiptOfTheOrderStatusDetalis' and @Schema='dbo']","object_type":"Table"}},{"outputs":[],"execution_count":0,"cell_type":"code","source":["/****** Object:  Table [dbo].[ReceiptOfTheOrderStatusDetalis]    Script Date: 9/23/2022 2:11:31 AM ******/\r\nSET ANSI_NULLS ON\r\n","GO\r\n","SET QUOTED_IDENTIFIER ON\r\n","GO\r\n","CREATE TABLE [dbo].[ReceiptOfTheOrderStatusDetalis](\r\n\t[Id] [int] IDENTITY(1,1) NOT NULL,\r\n\t[OrderCode] [nvarchar](50) NOT NULL,\r\n\t[ClientId] [int] NOT NULL,\r\n\t[Cost] [decimal](18, 2) NOT NULL,\r\n\t[AgentCost] [decimal](18, 2) NOT NULL,\r\n\t[AgentId] [int] NOT NULL,\r\n\t[OrderStateId] [int] NOT NULL,\r\n\t[MoneyPlacedId] [int] NOT NULL,\r\n\t[ReceiptOfTheOrderStatusId] [int] NOT NULL,\r\n\t[OrderPlacedId] [int] NOT NULL,\r\n\t[OrderId] [int] NULL,\r\n CONSTRAINT [PK__ReceiptO__3214EC07520CF795] PRIMARY KEY CLUSTERED \r\n(\r\n\t[Id] ASC\r\n)WITH (PAD_INDEX = OFF, STATISTICS_NORECOMPUTE = OFF, IGNORE_DUP_KEY = OFF, ALLOW_ROW_LOCKS = ON, ALLOW_PAGE_LOCKS = ON, OPTIMIZE_FOR_SEQUENTIAL_KEY = OFF) ON [PRIMARY]\r\n) ON [PRIMARY]\r\nGO\r\n"],"metadata":{"urn":"Server[@Name='LAPTOP-A1S3V5JM']/Database[@Name='Kokaz']/Table[@Name='ReceiptOfTheOrderStatusDetalis' and @Schema='dbo']","object_type":"Table"}},{"cell_type":"markdown","source":["# [dbo].[Region]"],"metadata":{"urn":"Server[@Name='LAPTOP-A1S3V5JM']/Database[@Name='Kokaz']/Table[@Name='Region' and @Schema='dbo']","object_type":"Table"}},{"outputs":[],"execution_count":0,"cell_type":"code","source":["/****** Object:  Table [dbo].[Region]    Script Date: 9/23/2022 2:11:31 AM ******/\r\nSET ANSI_NULLS ON\r\n","GO\r\n","SET QUOTED_IDENTIFIER ON\r\n","GO\r\n","CREATE TABLE [dbo].[Region](\r\n\t[Id] [int] IDENTITY(1,1) NOT NULL,\r\n\t[Name] [nvarchar](50) NOT NULL,\r\n\t[CountryId] [int] NOT NULL,\r\n CONSTRAINT [PK_Reginos] PRIMARY KEY CLUSTERED \r\n(\r\n\t[Id] ASC\r\n)WITH (PAD_INDEX = OFF, STATISTICS_NORECOMPUTE = OFF, IGNORE_DUP_KEY = OFF, ALLOW_ROW_LOCKS = ON, ALLOW_PAGE_LOCKS = ON, OPTIMIZE_FOR_SEQUENTIAL_KEY = OFF) ON [PRIMARY]\r\n) ON [PRIMARY]\r\nGO\r\n"],"metadata":{"urn":"Server[@Name='LAPTOP-A1S3V5JM']/Database[@Name='Kokaz']/Table[@Name='Region' and @Schema='dbo']","object_type":"Table"}},{"cell_type":"markdown","source":["# [dbo].[Treasury]"],"metadata":{"urn":"Server[@Name='LAPTOP-A1S3V5JM']/Database[@Name='Kokaz']/Table[@Name='Treasury' and @Schema='dbo']","object_type":"Table"}},{"outputs":[],"execution_count":0,"cell_type":"code","source":["/****** Object:  Table [dbo].[Treasury]    Script Date: 9/23/2022 2:11:31 AM ******/\r\nSET ANSI_NULLS ON\r\n","GO\r\n","SET QUOTED_IDENTIFIER ON\r\n","GO\r\n","CREATE TABLE [dbo].[Treasury](\r\n\t[Id] [int] NOT NULL,\r\n\t[Total] [decimal](18, 2) NOT NULL,\r\n\t[CreateOnUtc] [date] NOT NULL,\r\n\t[IsActive] [bit] NOT NULL,\r\nPRIMARY KEY CLUSTERED \r\n(\r\n\t[Id] ASC\r\n)WITH (PAD_INDEX = OFF, STATISTICS_NORECOMPUTE = OFF, IGNORE_DUP_KEY = OFF, ALLOW_ROW_LOCKS = ON, ALLOW_PAGE_LOCKS = ON, OPTIMIZE_FOR_SEQUENTIAL_KEY = OFF) ON [PRIMARY]\r\n) ON [PRIMARY]\r\nGO\r\n"],"metadata":{"urn":"Server[@Name='LAPTOP-A1S3V5JM']/Database[@Name='Kokaz']/Table[@Name='Treasury' and @Schema='dbo']","object_type":"Table"}},{"cell_type":"markdown","source":["# [dbo].[TreasuryHistory]"],"metadata":{"urn":"Server[@Name='LAPTOP-A1S3V5JM']/Database[@Name='Kokaz']/Table[@Name='TreasuryHistory' and @Schema='dbo']","object_type":"Table"}},{"outputs":[],"execution_count":0,"cell_type":"code","source":["/****** Object:  Table [dbo].[TreasuryHistory]    Script Date: 9/23/2022 2:11:31 AM ******/\r\nSET ANSI_NULLS ON\r\n","GO\r\n","SET QUOTED_IDENTIFIER ON\r\n","GO\r\n","CREATE TABLE [dbo].[TreasuryHistory](\r\n\t[Id] [int] IDENTITY(1,1) NOT NULL,\r\n\t[TreasuryId] [int] NOT NULL,\r\n\t[Amount] [decimal](18, 2) NOT NULL,\r\n\t[CreatedOnUtc] [date] NOT NULL,\r\n\t[ClientPaymentId] [int] NULL,\r\n\t[CashMovmentId] [int] NULL,\r\n\t[ReceiptId] [int] NULL,\r\n\t[ReceiptOfTheOrderStatusId] [int] NULL,\r\n\t[IncomeId] [int] NULL,\r\n\t[OutcomeId] [int] NULL,\r\nPRIMARY KEY CLUSTERED \r\n(\r\n\t[Id] ASC\r\n)WITH (PAD_INDEX = OFF, STATISTICS_NORECOMPUTE = OFF, IGNORE_DUP_KEY = OFF, ALLOW_ROW_LOCKS = ON, ALLOW_PAGE_LOCKS = ON, OPTIMIZE_FOR_SEQUENTIAL_KEY = OFF) ON [PRIMARY]\r\n) ON [PRIMARY]\r\nGO\r\n"],"metadata":{"urn":"Server[@Name='LAPTOP-A1S3V5JM']/Database[@Name='Kokaz']/Table[@Name='TreasuryHistory' and @Schema='dbo']","object_type":"Table"}},{"cell_type":"markdown","source":["# [dbo].[UserBranch]"],"metadata":{"urn":"Server[@Name='LAPTOP-A1S3V5JM']/Database[@Name='Kokaz']/Table[@Name='UserBranch' and @Schema='dbo']","object_type":"Table"}},{"outputs":[],"execution_count":0,"cell_type":"code","source":["/****** Object:  Table [dbo].[UserBranch]    Script Date: 9/23/2022 2:11:31 AM ******/\r\nSET ANSI_NULLS ON\r\n","GO\r\n","SET QUOTED_IDENTIFIER ON\r\n","GO\r\n","CREATE TABLE [dbo].[UserBranch](\r\n\t[UserId] [int] NOT NULL,\r\n\t[BranchId] [int] NOT NULL,\r\n CONSTRAINT [PK_UserBranch] PRIMARY KEY CLUSTERED \r\n(\r\n\t[UserId] ASC,\r\n\t[BranchId] ASC\r\n)WITH (PAD_INDEX = OFF, STATISTICS_NORECOMPUTE = OFF, IGNORE_DUP_KEY = OFF, ALLOW_ROW_LOCKS = ON, ALLOW_PAGE_LOCKS = ON, OPTIMIZE_FOR_SEQUENTIAL_KEY = OFF) ON [PRIMARY]\r\n) ON [PRIMARY]\r\nGO\r\n"],"metadata":{"urn":"Server[@Name='LAPTOP-A1S3V5JM']/Database[@Name='Kokaz']/Table[@Name='UserBranch' and @Schema='dbo']","object_type":"Table"}},{"cell_type":"markdown","source":["# [dbo].[UserGroup]"],"metadata":{"urn":"Server[@Name='LAPTOP-A1S3V5JM']/Database[@Name='Kokaz']/Table[@Name='UserGroup' and @Schema='dbo']","object_type":"Table"}},{"outputs":[],"execution_count":0,"cell_type":"code","source":["/****** Object:  Table [dbo].[UserGroup]    Script Date: 9/23/2022 2:11:31 AM ******/\r\nSET ANSI_NULLS ON\r\n","GO\r\n","SET QUOTED_IDENTIFIER ON\r\n","GO\r\n","CREATE TABLE [dbo].[UserGroup](\r\n\t[UserId] [int] NOT NULL,\r\n\t[GroupId] [int] NOT NULL,\r\n CONSTRAINT [PK_UserGroup] PRIMARY KEY CLUSTERED \r\n(\r\n\t[UserId] ASC,\r\n\t[GroupId] ASC\r\n)WITH (PAD_INDEX = OFF, STATISTICS_NORECOMPUTE = OFF, IGNORE_DUP_KEY = OFF, ALLOW_ROW_LOCKS = ON, ALLOW_PAGE_LOCKS = ON, OPTIMIZE_FOR_SEQUENTIAL_KEY = OFF) ON [PRIMARY]\r\n) ON [PRIMARY]\r\nGO\r\n"],"metadata":{"urn":"Server[@Name='LAPTOP-A1S3V5JM']/Database[@Name='Kokaz']/Table[@Name='UserGroup' and @Schema='dbo']","object_type":"Table"}},{"cell_type":"markdown","source":["# [dbo].[UserPhone]"],"metadata":{"urn":"Server[@Name='LAPTOP-A1S3V5JM']/Database[@Name='Kokaz']/Table[@Name='UserPhone' and @Schema='dbo']","object_type":"Table"}},{"outputs":[],"execution_count":0,"cell_type":"code","source":["/****** Object:  Table [dbo].[UserPhone]    Script Date: 9/23/2022 2:11:31 AM ******/\r\nSET ANSI_NULLS ON\r\n","GO\r\n","SET QUOTED_IDENTIFIER ON\r\n","GO\r\n","CREATE TABLE [dbo].[UserPhone](\r\n\t[Id] [int] IDENTITY(1,1) NOT NULL,\r\n\t[UserId] [int] NOT NULL,\r\n\t[Phone] [nvarchar](50) NOT NULL,\r\n CONSTRAINT [PK_UserPhone] PRIMARY KEY CLUSTERED \r\n(\r\n\t[Id] ASC\r\n)WITH (PAD_INDEX = OFF, STATISTICS_NORECOMPUTE = OFF, IGNORE_DUP_KEY = OFF, ALLOW_ROW_LOCKS = ON, ALLOW_PAGE_LOCKS = ON, OPTIMIZE_FOR_SEQUENTIAL_KEY = OFF) ON [PRIMARY]\r\n) ON [PRIMARY]\r\nGO\r\n"],"metadata":{"urn":"Server[@Name='LAPTOP-A1S3V5JM']/Database[@Name='Kokaz']/Table[@Name='UserPhone' and @Schema='dbo']","object_type":"Table"}},{"cell_type":"markdown","source":["# [dbo].[Users]"],"metadata":{"urn":"Server[@Name='LAPTOP-A1S3V5JM']/Database[@Name='Kokaz']/Table[@Name='Users' and @Schema='dbo']","object_type":"Table"}},{"outputs":[],"execution_count":0,"cell_type":"code","source":["/****** Object:  Table [dbo].[Users]    Script Date: 9/23/2022 2:11:31 AM ******/\r\nSET ANSI_NULLS ON\r\n","GO\r\n","SET QUOTED_IDENTIFIER ON\r\n","GO\r\n","CREATE TABLE [dbo].[Users](\r\n\t[Id] [int] IDENTITY(1,1) NOT NULL,\r\n\t[Name] [nvarchar](50) NOT NULL,\r\n\t[Experince] [nvarchar](max) NULL,\r\n\t[Adress] [nvarchar](max) NULL,\r\n\t[HireDate] [date] NOT NULL,\r\n\t[Note] [nvarchar](max) NULL,\r\n\t[CanWorkAsAgent] [bit] NOT NULL,\r\n\t[Salary] [decimal](18, 2) NULL,\r\n\t[UserName] [nvarchar](50) NULL,\r\n\t[Password] [nvarchar](50) NULL,\r\n\t[IsActive] [bit] NOT NULL,\r\n\t[BranchId] [int] NULL,\r\n CONSTRAINT [PK_Users] PRIMARY KEY CLUSTERED \r\n(\r\n\t[Id] ASC\r\n)WITH (PAD_INDEX = OFF, STATISTICS_NORECOMPUTE = OFF, IGNORE_DUP_KEY = OFF, ALLOW_ROW_LOCKS = ON, ALLOW_PAGE_LOCKS = ON, OPTIMIZE_FOR_SEQUENTIAL_KEY = OFF) ON [PRIMARY]\r\n) ON [PRIMARY] TEXTIMAGE_ON [PRIMARY]\r\nGO\r\n"],"metadata":{"urn":"Server[@Name='LAPTOP-A1S3V5JM']/Database[@Name='Kokaz']/Table[@Name='Users' and @Schema='dbo']","object_type":"Table"}},{"cell_type":"markdown","source":["# [dbo].[__EFMigrationsHistory]"],"metadata":{"urn":"Server[@Name='LAPTOP-A1S3V5JM']/Database[@Name='Kokaz']/Table[@Name='__EFMigrationsHistory' and @Schema='dbo']","object_type":"Table"}},{"outputs":[],"execution_count":0,"cell_type":"code","source":["INSERT [dbo].[__EFMigrationsHistory] ([MigrationId], [ProductVersion]) VALUES (N'20220705232333_Inital-Catalog', N'5.0.1')\r\n","INSERT [dbo].[__EFMigrationsHistory] ([MigrationId], [ProductVersion]) VALUES (N'20220710174859_Add-Branches', N'5.0.1')\r\n","INSERT [dbo].[__EFMigrationsHistory] ([MigrationId], [ProductVersion]) VALUES (N'20220710182243_User-Branch', N'5.0.1')\r\n","INSERT [dbo].[__EFMigrationsHistory] ([MigrationId], [ProductVersion]) VALUES (N'20220711134155_Client-Branches', N'5.0.1')\r\n","INSERT [dbo].[__EFMigrationsHistory] ([MigrationId], [ProductVersion]) VALUES (N'20220712011014_User-HaveBranch', N'5.0.1')\r\n","INSERT [dbo].[__EFMigrationsHistory] ([MigrationId], [ProductVersion]) VALUES (N'20220718211612_order', N'5.0.1')\r\n","INSERT [dbo].[__EFMigrationsHistory] ([MigrationId], [ProductVersion]) VALUES (N'20220729145039_Add-Branch-Agent-Print', N'5.0.1')\r\n","INSERT [dbo].[__EFMigrationsHistory] ([MigrationId], [ProductVersion]) VALUES (N'20220729185619_Delete-Agent-Request-Table', N'5.0.1')\r\n","INSERT [dbo].[__EFMigrationsHistory] ([MigrationId], [ProductVersion]) VALUES (N'20220729210419_Porints-Branch', N'5.0.1')\r\n","INSERT [dbo].[__EFMigrationsHistory] ([MigrationId], [ProductVersion]) VALUES (N'20220818191657_income-outcome-payment-edit-request', N'5.0.1')\r\n","INSERT [dbo].[__EFMigrationsHistory] ([MigrationId], [ProductVersion]) VALUES (N'20220823142047_receipt', N'5.0.1')\r\n","INSERT [dbo].[__EFMigrationsHistory] ([MigrationId], [ProductVersion]) VALUES (N'20220903232019_Income-Branch', N'5.0.1')\r\n","GO\r\n"],"metadata":{"urn":"Server[@Name='LAPTOP-A1S3V5JM']/Database[@Name='Kokaz']/Table[@Name='__EFMigrationsHistory' and @Schema='dbo']","object_type":"Table"}},{"cell_type":"markdown","source":["# [dbo].[AgentCountry]"],"metadata":{"urn":"Server[@Name='LAPTOP-A1S3V5JM']/Database[@Name='Kokaz']/Table[@Name='AgentCountry' and @Schema='dbo']","object_type":"Table"}},{"outputs":[],"execution_count":0,"cell_type":"code","source":["INSERT [dbo].[AgentCountry] ([AgentId], [CountryId]) VALUES (66, 1)\r\n","INSERT [dbo].[AgentCountry] ([AgentId], [CountryId]) VALUES (1067, 1)\r\n","INSERT [dbo].[AgentCountry] ([AgentId], [CountryId]) VALUES (1067, 2)\r\n","INSERT [dbo].[AgentCountry] ([AgentId], [CountryId]) VALUES (1067, 3)\r\n","INSERT [dbo].[AgentCountry] ([AgentId], [CountryId]) VALUES (1067, 6)\r\n","INSERT [dbo].[AgentCountry] ([AgentId], [CountryId]) VALUES (1068, 1)\r\n","INSERT [dbo].[AgentCountry] ([AgentId], [CountryId]) VALUES (1069, 34)\r\n","INSERT [dbo].[AgentCountry] ([AgentId], [CountryId]) VALUES (1078, 2)\r\n","GO\r\n"],"metadata":{"urn":"Server[@Name='LAPTOP-A1S3V5JM']/Database[@Name='Kokaz']/Table[@Name='AgentCountry' and @Schema='dbo']","object_type":"Table"}},{"cell_type":"markdown","source":["# [dbo].[AgentPrint]"],"metadata":{"urn":"Server[@Name='LAPTOP-A1S3V5JM']/Database[@Name='Kokaz']/Table[@Name='AgentPrint' and @Schema='dbo']","object_type":"Table"}},{"outputs":[],"execution_count":0,"cell_type":"code","source":["SET IDENTITY_INSERT [dbo].[AgentPrint] ON \r\n","INSERT [dbo].[AgentPrint] ([Id], [PrinterName], [Date], [DestinationName], [DestinationPhone], [BranchId]) VALUES (1, N'admin', CAST(N'2022-04-16T00:00:00.000' AS DateTime), N'مندوب نقل البيانات', N'99999999999', 2)\r\n","INSERT [dbo].[AgentPrint] ([Id], [PrinterName], [Date], [DestinationName], [DestinationPhone], [BranchId]) VALUES (2, N'admin', CAST(N'2022-04-16T00:00:00.000' AS DateTime), N'مندوب نقل البيانات', N'99999999999', 2)\r\n","INSERT [dbo].[AgentPrint] ([Id], [PrinterName], [Date], [DestinationName], [DestinationPhone], [BranchId]) VALUES (3, N'admin', CAST(N'2022-04-16T00:00:00.000' AS DateTime), N'مندوب نقل البيانات', N'99999999999', 2)\r\n","INSERT [dbo].[AgentPrint] ([Id], [PrinterName], [Date], [DestinationName], [DestinationPhone], [BranchId]) VALUES (4, N'admin', CAST(N'2022-05-06T00:00:00.000' AS DateTime), N'bb', N'12937012987', 2)\r\n","INSERT [dbo].[AgentPrint] ([Id], [PrinterName], [Date], [DestinationName], [DestinationPhone], [BranchId]) VALUES (5, N'admin', CAST(N'2022-05-10T00:00:00.000' AS DateTime), N'bb', N'12937012987', 2)\r\n","INSERT [dbo].[AgentPrint] ([Id], [PrinterName], [Date], [DestinationName], [DestinationPhone], [BranchId]) VALUES (6, N'admin', CAST(N'2022-05-19T00:00:00.000' AS DateTime), N'bb', N'12937012987', 2)\r\n","INSERT [dbo].[AgentPrint] ([Id], [PrinterName], [Date], [DestinationName], [DestinationPhone], [BranchId]) VALUES (7, N'admin', CAST(N'2022-05-19T00:00:00.000' AS DateTime), N'مندوب نقل البيانات', N'99999999999', 2)\r\n","INSERT [dbo].[AgentPrint] ([Id], [PrinterName], [Date], [DestinationName], [DestinationPhone], [BranchId]) VALUES (14, N'admin', CAST(N'2022-05-19T00:00:00.000' AS DateTime), N'bb', N'12937012987', 2)\r\n","INSERT [dbo].[AgentPrint] ([Id], [PrinterName], [Date], [DestinationName], [DestinationPhone], [BranchId]) VALUES (15, N'admin', CAST(N'2022-05-19T00:00:00.000' AS DateTime), N'bb', N'12937012987', 2)\r\n","INSERT [dbo].[AgentPrint] ([Id], [PrinterName], [Date], [DestinationName], [DestinationPhone], [BranchId]) VALUES (16, N'admin', CAST(N'2022-05-19T00:00:00.000' AS DateTime), N'bb', N'12937012987', 2)\r\n","INSERT [dbo].[AgentPrint] ([Id], [PrinterName], [Date], [DestinationName], [DestinationPhone], [BranchId]) VALUES (17, N'admin', CAST(N'2022-05-19T00:00:00.000' AS DateTime), N'bb', N'12937012987', 2)\r\n","INSERT [dbo].[AgentPrint] ([Id], [PrinterName], [Date], [DestinationName], [DestinationPhone], [BranchId]) VALUES (18, N'admin', CAST(N'2022-07-29T09:04:34.897' AS DateTime), N'bb', N'12937012987', 2)\r\n","INSERT [dbo].[AgentPrint] ([Id], [PrinterName], [Date], [DestinationName], [DestinationPhone], [BranchId]) VALUES (19, N'admin', CAST(N'2022-09-20T21:06:18.073' AS DateTime), N'مندوب 1', N'15161561651', 2)\r\n","INSERT [dbo].[AgentPrint] ([Id], [PrinterName], [Date], [DestinationName], [DestinationPhone], [BranchId]) VALUES (20, N'admin', CAST(N'2022-09-20T21:06:38.533' AS DateTime), N'مندوب فرع 2', N'65465465465', 2)\r\n","SET IDENTITY_INSERT [dbo].[AgentPrint] OFF\r\n","GO\r\n"],"metadata":{"urn":"Server[@Name='LAPTOP-A1S3V5JM']/Database[@Name='Kokaz']/Table[@Name='AgentPrint' and @Schema='dbo']","object_type":"Table"}},{"cell_type":"markdown","source":["# [dbo].[AgentPrintDetails]"],"metadata":{"urn":"Server[@Name='LAPTOP-A1S3V5JM']/Database[@Name='Kokaz']/Table[@Name='AgentPrintDetails' and @Schema='dbo']","object_type":"Table"}},{"outputs":[],"execution_count":0,"cell_type":"code","source":["SET IDENTITY_INSERT [dbo].[AgentPrintDetails] ON \r\n","INSERT [dbo].[AgentPrintDetails] ([Id], [Code], [Total], [Country], [Phone], [ClientName], [Note], [Region], [AgentPrintId], [ClientNote], [Address], [Date]) VALUES (1, N'1', CAST(100000.00 AS Decimal(18, 2)), N'مدينة تجريب نقل البيانات', N'15165165165', N'عميل نقل البيانات', NULL, NULL, 1, NULL, NULL, NULL)\r\n","INSERT [dbo].[AgentPrintDetails] ([Id], [Code], [Total], [Country], [Phone], [ClientName], [Note], [Region], [AgentPrintId], [ClientNote], [Address], [Date]) VALUES (2, N'2', CAST(100000.00 AS Decimal(18, 2)), N'مدينة تجريب نقل البيانات', N'21321321321', N'عميل نقل البيانات', NULL, NULL, 1, NULL, NULL, NULL)\r\n","INSERT [dbo].[AgentPrintDetails] ([Id], [Code], [Total], [Country], [Phone], [ClientName], [Note], [Region], [AgentPrintId], [ClientNote], [Address], [Date]) VALUES (3, N'1', CAST(100000.00 AS Decimal(18, 2)), N'مدينة تجريب نقل البيانات', N'15165165165', N'عميل نقل البيانات', NULL, NULL, 2, NULL, NULL, NULL)\r\n","INSERT [dbo].[AgentPrintDetails] ([Id], [Code], [Total], [Country], [Phone], [ClientName], [Note], [Region], [AgentPrintId], [ClientNote], [Address], [Date]) VALUES (4, N'3', CAST(100000.00 AS Decimal(18, 2)), N'مدينة تجريب نقل البيانات', N'13213213213', N'عميل نقل البيانات', NULL, NULL, 2, NULL, NULL, NULL)\r\n","INSERT [dbo].[AgentPrintDetails] ([Id], [Code], [Total], [Country], [Phone], [ClientName], [Note], [Region], [AgentPrintId], [ClientNote], [Address], [Date]) VALUES (5, N'4', CAST(100000.00 AS Decimal(18, 2)), N'مدينة تجريب نقل البيانات', N'32132132132', N'عميل نقل البيانات', NULL, NULL, 2, NULL, NULL, NULL)\r\n","INSERT [dbo].[AgentPrintDetails] ([Id], [Code], [Total], [Country], [Phone], [ClientName], [Note], [Region], [AgentPrintId], [ClientNote], [Address], [Date]) VALUES (6, N'5', CAST(100000.00 AS Decimal(18, 2)), N'مدينة تجريب نقل البيانات', N'23132132132', N'عميل نقل البيانات', NULL, NULL, 2, NULL, NULL, NULL)\r\n","INSERT [dbo].[AgentPrintDetails] ([Id], [Code], [Total], [Country], [Phone], [ClientName], [Note], [Region], [AgentPrintId], [ClientNote], [Address], [Date]) VALUES (7, N'12', CAST(100000.00 AS Decimal(18, 2)), N'مدينة تجريب نقل البيانات', N'32132132132', N'عميل نقل البيانات', NULL, NULL, 3, NULL, NULL, NULL)\r\n","INSERT [dbo].[AgentPrintDetails] ([Id], [Code], [Total], [Country], [Phone], [ClientName], [Note], [Region], [AgentPrintId], [ClientNote], [Address], [Date]) VALUES (8, N'11', CAST(1000000.00 AS Decimal(18, 2)), N'مدينة تجريب نقل البيانات', N'32213213213', N'عميل نقل البيانات', NULL, NULL, 3, NULL, NULL, NULL)\r\n","INSERT [dbo].[AgentPrintDetails] ([Id], [Code], [Total], [Country], [Phone], [ClientName], [Note], [Region], [AgentPrintId], [ClientNote], [Address], [Date]) VALUES (9, N'10', CAST(1000000.00 AS Decimal(18, 2)), N'مدينة تجريب نقل البيانات', N'32132132132', N'عميل نقل البيانات', NULL, NULL, 3, NULL, NULL, NULL)\r\n","INSERT [dbo].[AgentPrintDetails] ([Id], [Code], [Total], [Country], [Phone], [ClientName], [Note], [Region], [AgentPrintId], [ClientNote], [Address], [Date]) VALUES (10, N'13', CAST(1000000.00 AS Decimal(18, 2)), N'مدينة تجريب نقل البيانات', N'32132132132', N'عميل نقل البيانات', NULL, NULL, 3, NULL, NULL, NULL)\r\n","INSERT [dbo].[AgentPrintDetails] ([Id], [Code], [Total], [Country], [Phone], [ClientName], [Note], [Region], [AgentPrintId], [ClientNote], [Address], [Date]) VALUES (11, N'9', CAST(1000000.00 AS Decimal(18, 2)), N'مدينة تجريب نقل البيانات', N'32132132132', N'عميل نقل البيانات', NULL, NULL, 3, NULL, NULL, NULL)\r\n","INSERT [dbo].[AgentPrintDetails] ([Id], [Code], [Total], [Country], [Phone], [ClientName], [Note], [Region], [AgentPrintId], [ClientNote], [Address], [Date]) VALUES (12, N'14', CAST(1000000.00 AS Decimal(18, 2)), N'مدينة تجريب نقل البيانات', N'12321321321', N'عميل نقل البيانات', NULL, NULL, 3, NULL, NULL, NULL)\r\n","INSERT [dbo].[AgentPrintDetails] ([Id], [Code], [Total], [Country], [Phone], [ClientName], [Note], [Region], [AgentPrintId], [ClientNote], [Address], [Date]) VALUES (13, N'7', CAST(100000.00 AS Decimal(18, 2)), N'مدينة تجريب نقل البيانات', N'21321321321', N'عميل نقل البيانات', NULL, NULL, 3, NULL, NULL, NULL)\r\n","INSERT [dbo].[AgentPrintDetails] ([Id], [Code], [Total], [Country], [Phone], [ClientName], [Note], [Region], [AgentPrintId], [ClientNote], [Address], [Date]) VALUES (14, N'6', CAST(100000.00 AS Decimal(18, 2)), N'مدينة تجريب نقل البيانات', N'21321323213', N'عميل نقل البيانات', NULL, NULL, 3, NULL, NULL, NULL)\r\n","INSERT [dbo].[AgentPrintDetails] ([Id], [Code], [Total], [Country], [Phone], [ClientName], [Note], [Region], [AgentPrintId], [ClientNote], [Address], [Date]) VALUES (15, N'8', CAST(1000000.00 AS Decimal(18, 2)), N'مدينة تجريب نقل البيانات', N'01321321321', N'عميل نقل البيانات', NULL, NULL, 3, NULL, NULL, NULL)\r\n","INSERT [dbo].[AgentPrintDetails] ([Id], [Code], [Total], [Country], [Phone], [ClientName], [Note], [Region], [AgentPrintId], [ClientNote], [Address], [Date]) VALUES (16, N'200', CAST(100000.00 AS Decimal(18, 2)), N'مدينة2', N'23123132132', N'عميل1', NULL, NULL, 4, NULL, NULL, NULL)\r\n","INSERT [dbo].[AgentPrintDetails] ([Id], [Code], [Total], [Country], [Phone], [ClientName], [Note], [Region], [AgentPrintId], [ClientNote], [Address], [Date]) VALUES (17, N'210', CAST(100000.00 AS Decimal(18, 2)), N'مدينة2', N'32132132132', N'عميل1', NULL, NULL, 4, NULL, NULL, NULL)\r\n","INSERT [dbo].[AgentPrintDetails] ([Id], [Code], [Total], [Country], [Phone], [ClientName], [Note], [Region], [AgentPrintId], [ClientNote], [Address], [Date]) VALUES (18, N'209', CAST(100000.00 AS Decimal(18, 2)), N'مدينة2', N'32321321321', N'عميل1', NULL, NULL, 4, NULL, NULL, NULL)\r\n","INSERT [dbo].[AgentPrintDetails] ([Id], [Code], [Total], [Country], [Phone], [ClientName], [Note], [Region], [AgentPrintId], [ClientNote], [Address], [Date]) VALUES (19, N'208', CAST(100000.00 AS Decimal(18, 2)), N'مدينة2', N'32132132132', N'عميل1', NULL, NULL, 4, NULL, NULL, NULL)\r\n","INSERT [dbo].[AgentPrintDetails] ([Id], [Code], [Total], [Country], [Phone], [ClientName], [Note], [Region], [AgentPrintId], [ClientNote], [Address], [Date]) VALUES (20, N'206', CAST(100000.00 AS Decimal(18, 2)), N'مدينة2', N'32132132132', N'عميل1', NULL, NULL, 4, NULL, NULL, NULL)\r\n","INSERT [dbo].[AgentPrintDetails] ([Id], [Code], [Total], [Country], [Phone], [ClientName], [Note], [Region], [AgentPrintId], [ClientNote], [Address], [Date]) VALUES (21, N'207', CAST(100000.00 AS Decimal(18, 2)), N'مدينة2', N'21321321321', N'عميل1', NULL, NULL, 4, NULL, NULL, NULL)\r\n","INSERT [dbo].[AgentPrintDetails] ([Id], [Code], [Total], [Country], [Phone], [ClientName], [Note], [Region], [AgentPrintId], [ClientNote], [Address], [Date]) VALUES (22, N'205', CAST(100000.00 AS Decimal(18, 2)), N'مدينة2', N'21321321321', N'عميل1', NULL, NULL, 4, NULL, NULL, NULL)\r\n","INSERT [dbo].[AgentPrintDetails] ([Id], [Code], [Total], [Country], [Phone], [ClientName], [Note], [Region], [AgentPrintId], [ClientNote], [Address], [Date]) VALUES (23, N'204', CAST(100000.00 AS Decimal(18, 2)), N'مدينة2', N'32132132132', N'عميل1', NULL, NULL, 4, NULL, NULL, NULL)\r\n","INSERT [dbo].[AgentPrintDetails] ([Id], [Code], [Total], [Country], [Phone], [ClientName], [Note], [Region], [AgentPrintId], [ClientNote], [Address], [Date]) VALUES (24, N'203', CAST(100000.00 AS Decimal(18, 2)), N'مدينة2', N'12313213213', N'عميل1', NULL, NULL, 4, NULL, NULL, NULL)\r\n","INSERT [dbo].[AgentPrintDetails] ([Id], [Code], [Total], [Country], [Phone], [ClientName], [Note], [Region], [AgentPrintId], [ClientNote], [Address], [Date]) VALUES (25, N'202', CAST(1000000.00 AS Decimal(18, 2)), N'مدينة2', N'32132132132', N'عميل1', NULL, NULL, 4, NULL, NULL, NULL)\r\n","INSERT [dbo].[AgentPrintDetails] ([Id], [Code], [Total], [Country], [Phone], [ClientName], [Note], [Region], [AgentPrintId], [ClientNote], [Address], [Date]) VALUES (26, N'201', CAST(100000.00 AS Decimal(18, 2)), N'مدينة2', N'23132132132', N'عميل1', NULL, NULL, 4, NULL, NULL, NULL)\r\n","INSERT [dbo].[AgentPrintDetails] ([Id], [Code], [Total], [Country], [Phone], [ClientName], [Note], [Region], [AgentPrintId], [ClientNote], [Address], [Date]) VALUES (27, N'1', CAST(1000000.00 AS Decimal(18, 2)), N'مدينة2', N'12312312312', N'عميل جديد كتير ', NULL, NULL, 5, NULL, NULL, NULL)\r\n","INSERT [dbo].[AgentPrintDetails] ([Id], [Code], [Total], [Country], [Phone], [ClientName], [Note], [Region], [AgentPrintId], [ClientNote], [Address], [Date]) VALUES (28, N'10', CAST(1000000.00 AS Decimal(18, 2)), N'مدينة2', N'12936128937', N'عميل جديد كتير ', N'', NULL, 5, NULL, NULL, NULL)\r\n","INSERT [dbo].[AgentPrintDetails] ([Id], [Code], [Total], [Country], [Phone], [ClientName], [Note], [Region], [AgentPrintId], [ClientNote], [Address], [Date]) VALUES (29, N'9', CAST(1000000.00 AS Decimal(18, 2)), N'مدينة2', N'12381293109', N'عميل جديد كتير ', NULL, NULL, 5, NULL, NULL, NULL)\r\n","INSERT [dbo].[AgentPrintDetails] ([Id], [Code], [Total], [Country], [Phone], [ClientName], [Note], [Region], [AgentPrintId], [ClientNote], [Address], [Date]) VALUES (30, N'8', CAST(1000000.00 AS Decimal(18, 2)), N'مدينة2', N'21312312312', N'عميل جديد كتير ', NULL, NULL, 5, NULL, NULL, NULL)\r\n","INSERT [dbo].[AgentPrintDetails] ([Id], [Code], [Total], [Country], [Phone], [ClientName], [Note], [Region], [AgentPrintId], [ClientNote], [Address], [Date]) VALUES (31, N'6', CAST(1000000.00 AS Decimal(18, 2)), N'مدينة2', N'12312312312', N'عميل جديد كتير ', NULL, NULL, 5, NULL, NULL, NULL)\r\n","INSERT [dbo].[AgentPrintDetails] ([Id], [Code], [Total], [Country], [Phone], [ClientName], [Note], [Region], [AgentPrintId], [ClientNote], [Address], [Date]) VALUES (32, N'5', CAST(1000000.00 AS Decimal(18, 2)), N'مدينة2', N'23871293712', N'عميل جديد كتير ', NULL, NULL, 5, NULL, NULL, NULL)\r\n","INSERT [dbo].[AgentPrintDetails] ([Id], [Code], [Total], [Country], [Phone], [ClientName], [Note], [Region], [AgentPrintId], [ClientNote], [Address], [Date]) VALUES (33, N'4', CAST(1000000.00 AS Decimal(18, 2)), N'مدينة2', N'12312739129', N'عميل جديد كتير ', NULL, NULL, 5, NULL, NULL, NULL)\r\n","INSERT [dbo].[AgentPrintDetails] ([Id], [Code], [Total], [Country], [Phone], [ClientName], [Note], [Region], [AgentPrintId], [ClientNote], [Address], [Date]) VALUES (34, N'3', CAST(1000000.00 AS Decimal(18, 2)), N'مدينة2', N'12312839172', N'عميل جديد كتير ', NULL, NULL, 5, NULL, NULL, NULL)\r\n","INSERT [dbo].[AgentPrintDetails] ([Id], [Code], [Total], [Country], [Phone], [ClientName], [Note], [Region], [AgentPrintId], [ClientNote], [Address], [Date]) VALUES (35, N'2', CAST(1000000.00 AS Decimal(18, 2)), N'مدينة2', N'12321312312', N'عميل جديد كتير ', NULL, NULL, 5, NULL, NULL, NULL)\r\n","INSERT [dbo].[AgentPrintDetails] ([Id], [Code], [Total], [Country], [Phone], [ClientName], [Note], [Region], [AgentPrintId], [ClientNote], [Address], [Date]) VALUES (36, N'7', CAST(1000000.00 AS Decimal(18, 2)), N'مدينة2', N'21312312312', N'عميل جديد كتير ', NULL, NULL, 5, NULL, NULL, NULL)\r\n","INSERT [dbo].[AgentPrintDetails] ([Id], [Code], [Total], [Country], [Phone], [ClientName], [Note], [Region], [AgentPrintId], [ClientNote], [Address], [Date]) VALUES (37, N'500', CAST(1000000.00 AS Decimal(18, 2)), N'مدينة2', N'09320129301', N'عميل 10 ', NULL, NULL, 6, NULL, NULL, NULL)\r\n","INSERT [dbo].[AgentPrintDetails] ([Id], [Code], [Total], [Country], [Phone], [ClientName], [Note], [Region], [AgentPrintId], [ClientNote], [Address], [Date]) VALUES (38, N'501', CAST(100000.00 AS Decimal(18, 2)), N'مدينة تجريب نقل البيانات', N'21381209830', N'عميل 10 ', N'ملاحظات', NULL, 7, NULL, NULL, NULL)\r\n","INSERT [dbo].[AgentPrintDetails] ([Id], [Code], [Total], [Country], [Phone], [ClientName], [Note], [Region], [AgentPrintId], [ClientNote], [Address], [Date]) VALUES (45, N'502', CAST(120938129.00 AS Decimal(18, 2)), N'مدينة2', N'12931289389', N'عميل 10 ', NULL, NULL, 14, N'مممممممممممممممم', NULL, NULL)\r\n","INSERT [dbo].[AgentPrintDetails] ([Id], [Code], [Total], [Country], [Phone], [ClientName], [Note], [Region], [AgentPrintId], [ClientNote], [Address], [Date]) VALUES (46, N'600', CAST(100000.00 AS Decimal(18, 2)), N'مدينة2', N'21308912309', N'عميل 10 ', NULL, NULL, 15, NULL, NULL, CAST(N'2022-05-19' AS Date))\r\n","INSERT [dbo].[AgentPrintDetails] ([Id], [Code], [Total], [Country], [Phone], [ClientName], [Note], [Region], [AgentPrintId], [ClientNote], [Address], [Date]) VALUES (47, N'702', CAST(100000.00 AS Decimal(18, 2)), N'مدينة2', N'29034828937', N'عميل 10 ', NULL, NULL, 16, NULL, NULL, CAST(N'2022-05-19' AS Date))\r\n","INSERT [dbo].[AgentPrintDetails] ([Id], [Code], [Total], [Country], [Phone], [ClientName], [Note], [Region], [AgentPrintId], [ClientNote], [Address], [Date]) VALUES (48, N'701', CAST(10000.00 AS Decimal(18, 2)), N'مدينة2', N'32423094823', N'عميل 10 ', NULL, NULL, 16, NULL, NULL, CAST(N'2022-05-19' AS Date))\r\n","INSERT [dbo].[AgentPrintDetails] ([Id], [Code], [Total], [Country], [Phone], [ClientName], [Note], [Region], [AgentPrintId], [ClientNote], [Address], [Date]) VALUES (49, N'700', CAST(100000.00 AS Decimal(18, 2)), N'مدينة2', N'91209380912', N'عميل 10 ', NULL, NULL, 16, NULL, NULL, CAST(N'2022-05-19' AS Date))\r\n","INSERT [dbo].[AgentPrintDetails] ([Id], [Code], [Total], [Country], [Phone], [ClientName], [Note], [Region], [AgentPrintId], [ClientNote], [Address], [Date]) VALUES (50, N'8001', CAST(100000.00 AS Decimal(18, 2)), N'مدينة2', N'20983809127', N'عميل 10 ', NULL, NULL, 17, NULL, NULL, CAST(N'2022-05-19' AS Date))\r\n","INSERT [dbo].[AgentPrintDetails] ([Id], [Code], [Total], [Country], [Phone], [ClientName], [Note], [Region], [AgentPrintId], [ClientNote], [Address], [Date]) VALUES (51, N'8000', CAST(100000.00 AS Decimal(18, 2)), N'مدينة2', N'93120930192', N'عميل 10 ', NULL, NULL, 17, NULL, NULL, CAST(N'2022-05-19' AS Date))\r\n","INSERT [dbo].[AgentPrintDetails] ([Id], [Code], [Total], [Country], [Phone], [ClientName], [Note], [Region], [AgentPrintId], [ClientNote], [Address], [Date]) VALUES (52, N'150', CAST(100000.00 AS Decimal(18, 2)), N'مدينة2', N'15616165165', N'عميل1', N'س', NULL, 18, NULL, NULL, CAST(N'2022-07-29' AS Date))\r\n","INSERT [dbo].[AgentPrintDetails] ([Id], [Code], [Total], [Country], [Phone], [ClientName], [Note], [Region], [AgentPrintId], [ClientNote], [Address], [Date]) VALUES (53, N'1320', CAST(100000.00 AS Decimal(18, 2)), N'مدينة2', N'21312312312', N'عميل تسديد شركات ', NULL, NULL, 18, NULL, NULL, CAST(N'2022-07-19' AS Date))\r\n","INSERT [dbo].[AgentPrintDetails] ([Id], [Code], [Total], [Country], [Phone], [ClientName], [Note], [Region], [AgentPrintId], [ClientNote], [Address], [Date]) VALUES (54, N'56165', CAST(10000.00 AS Decimal(18, 2)), N'مدينة2', N'51665165165', N'عميل1', N'4شسي', NULL, 18, NULL, NULL, CAST(N'2022-07-19' AS Date))\r\n","INSERT [dbo].[AgentPrintDetails] ([Id], [Code], [Total], [Country], [Phone], [ClientName], [Note], [Region], [AgentPrintId], [ClientNote], [Address], [Date]) VALUES (55, N'56464', CAST(10000.00 AS Decimal(18, 2)), N'مدينة2', N'51665165165', N'عميل1', N'4شسي', NULL, 18, NULL, NULL, CAST(N'2022-07-19' AS Date))\r\n","INSERT [dbo].[AgentPrintDetails] ([Id], [Code], [Total], [Country], [Phone], [ClientName], [Note], [Region], [AgentPrintId], [ClientNote], [Address], [Date]) VALUES (56, N'1230', CAST(2999.00 AS Decimal(18, 2)), N'مدينة2', N'29391239129', N'عميل1', N'تسيبانتسيباتنيسلبنتيباسي', NULL, 18, NULL, NULL, CAST(N'2022-07-15' AS Date))\r\n","INSERT [dbo].[AgentPrintDetails] ([Id], [Code], [Total], [Country], [Phone], [ClientName], [Note], [Region], [AgentPrintId], [ClientNote], [Address], [Date]) VALUES (57, N'800', CAST(1000000.00 AS Decimal(18, 2)), N'TTTCCCTTTCCC', N'34564565465', N'عميل1', NULL, NULL, 19, NULL, NULL, CAST(N'2022-09-03' AS Date))\r\n","INSERT [dbo].[AgentPrintDetails] ([Id], [Code], [Total], [Country], [Phone], [ClientName], [Note], [Region], [AgentPrintId], [ClientNote], [Address], [Date]) VALUES (58, N'160', CAST(10000.00 AS Decimal(18, 2)), N'TTTCCCTTTCCC', N'13213213213', N'عميل1', N'21321', NULL, 19, NULL, NULL, CAST(N'2022-07-30' AS Date))\r\n","INSERT [dbo].[AgentPrintDetails] ([Id], [Code], [Total], [Country], [Phone], [ClientName], [Note], [Region], [AgentPrintId], [ClientNote], [Address], [Date]) VALUES (59, N'4', CAST(100000.00 AS Decimal(18, 2)), N'مدينة تجريب نقل البيانات', N'32132132132', N'عميل نقل البيانات', NULL, N'r4', 19, NULL, NULL, CAST(N'2022-04-16' AS Date))\r\n","INSERT [dbo].[AgentPrintDetails] ([Id], [Code], [Total], [Country], [Phone], [ClientName], [Note], [Region], [AgentPrintId], [ClientNote], [Address], [Date]) VALUES (60, N'1', CAST(1999999.00 AS Decimal(18, 2)), N'مدينة2', N'09823901287', N'عميل تسديد شركات ', N'JSHDFSDJHF', NULL, 20, NULL, NULL, CAST(N'2022-09-21' AS Date))\r\n","INSERT [dbo].[AgentPrintDetails] ([Id], [Code], [Total], [Country], [Phone], [ClientName], [Note], [Region], [AgentPrintId], [ClientNote], [Address], [Date]) VALUES (61, N'1', CAST(100000.00 AS Decimal(18, 2)), N'مدينة2', N'09812309091', N'عميل1', N'l;sjsldk', NULL, 20, NULL, NULL, CAST(N'2022-09-21' AS Date))\r\n","SET IDENTITY_INSERT [dbo].[AgentPrintDetails] OFF\r\n","GO\r\n"],"metadata":{"urn":"Server[@Name='LAPTOP-A1S3V5JM']/Database[@Name='Kokaz']/Table[@Name='AgentPrintDetails' and @Schema='dbo']","object_type":"Table"}},{"cell_type":"markdown","source":["# [dbo].[Branches]"],"metadata":{"urn":"Server[@Name='LAPTOP-A1S3V5JM']/Database[@Name='Kokaz']/Table[@Name='Branches' and @Schema='dbo']","object_type":"Table"}},{"outputs":[],"execution_count":0,"cell_type":"code","source":["SET IDENTITY_INSERT [dbo].[Branches] ON \r\n","INSERT [dbo].[Branches] ([Id], [Name], [CountryId]) VALUES (2, N'Main Branch', 1)\r\n","INSERT [dbo].[Branches] ([Id], [Name], [CountryId]) VALUES (3, N'Branch2', 2)\r\n","SET IDENTITY_INSERT [dbo].[Branches] OFF\r\n","GO\r\n"],"metadata":{"urn":"Server[@Name='LAPTOP-A1S3V5JM']/Database[@Name='Kokaz']/Table[@Name='Branches' and @Schema='dbo']","object_type":"Table"}},{"cell_type":"markdown","source":["# [dbo].[CashMovment]"],"metadata":{"urn":"Server[@Name='LAPTOP-A1S3V5JM']/Database[@Name='Kokaz']/Table[@Name='CashMovment' and @Schema='dbo']","object_type":"Table"}},{"outputs":[],"execution_count":0,"cell_type":"code","source":["SET IDENTITY_INSERT [dbo].[CashMovment] ON \r\n","INSERT [dbo].[CashMovment] ([Id], [Amount], [TreasuryId], [CreatedOnUtc], [CreatedBy], [Note]) VALUES (1, CAST(15000.00 AS Decimal(18, 2)), 1070, CAST(N'2022-05-03' AS Date), N'admin', NULL)\r\n","INSERT [dbo].[CashMovment] ([Id], [Amount], [TreasuryId], [CreatedOnUtc], [CreatedBy], [Note]) VALUES (2, CAST(100000.00 AS Decimal(18, 2)), 1071, CAST(N'2022-05-04' AS Date), N'admin', NULL)\r\n","INSERT [dbo].[CashMovment] ([Id], [Amount], [TreasuryId], [CreatedOnUtc], [CreatedBy], [Note]) VALUES (3, CAST(100000.00 AS Decimal(18, 2)), 1072, CAST(N'2022-05-04' AS Date), N'admin', NULL)\r\n","INSERT [dbo].[CashMovment] ([Id], [Amount], [TreasuryId], [CreatedOnUtc], [CreatedBy], [Note]) VALUES (4, CAST(100.00 AS Decimal(18, 2)), 1072, CAST(N'2022-05-04' AS Date), N'admin', NULL)\r\n","INSERT [dbo].[CashMovment] ([Id], [Amount], [TreasuryId], [CreatedOnUtc], [CreatedBy], [Note]) VALUES (5, CAST(-300.00 AS Decimal(18, 2)), 1072, CAST(N'2022-05-04' AS Date), N'admin', NULL)\r\n","INSERT [dbo].[CashMovment] ([Id], [Amount], [TreasuryId], [CreatedOnUtc], [CreatedBy], [Note]) VALUES (6, CAST(1000.00 AS Decimal(18, 2)), 1072, CAST(N'2022-05-04' AS Date), N'admin', NULL)\r\n","INSERT [dbo].[CashMovment] ([Id], [Amount], [TreasuryId], [CreatedOnUtc], [CreatedBy], [Note]) VALUES (7, CAST(1000.00 AS Decimal(18, 2)), 1072, CAST(N'2022-05-04' AS Date), N'admin', NULL)\r\n","INSERT [dbo].[CashMovment] ([Id], [Amount], [TreasuryId], [CreatedOnUtc], [CreatedBy], [Note]) VALUES (8, CAST(1000.00 AS Decimal(18, 2)), 1072, CAST(N'2022-05-04' AS Date), N'admin', NULL)\r\n","INSERT [dbo].[CashMovment] ([Id], [Amount], [TreasuryId], [CreatedOnUtc], [CreatedBy], [Note]) VALUES (9, CAST(1000.00 AS Decimal(18, 2)), 1072, CAST(N'2022-05-04' AS Date), N'admin', NULL)\r\n","INSERT [dbo].[CashMovment] ([Id], [Amount], [TreasuryId], [CreatedOnUtc], [CreatedBy], [Note]) VALUES (10, CAST(1000.00 AS Decimal(18, 2)), 1072, CAST(N'2022-05-04' AS Date), N'admin', NULL)\r\n","INSERT [dbo].[CashMovment] ([Id], [Amount], [TreasuryId], [CreatedOnUtc], [CreatedBy], [Note]) VALUES (11, CAST(1000.00 AS Decimal(18, 2)), 1072, CAST(N'2022-05-04' AS Date), N'admin', NULL)\r\n","INSERT [dbo].[CashMovment] ([Id], [Amount], [TreasuryId], [CreatedOnUtc], [CreatedBy], [Note]) VALUES (12, CAST(100.00 AS Decimal(18, 2)), 1073, CAST(N'2022-05-04' AS Date), N'admin', NULL)\r\n","INSERT [dbo].[CashMovment] ([Id], [Amount], [TreasuryId], [CreatedOnUtc], [CreatedBy], [Note]) VALUES (13, CAST(10000.00 AS Decimal(18, 2)), 65, CAST(N'2022-05-05' AS Date), N'admin', NULL)\r\n","INSERT [dbo].[CashMovment] ([Id], [Amount], [TreasuryId], [CreatedOnUtc], [CreatedBy], [Note]) VALUES (14, CAST(1500.00 AS Decimal(18, 2)), 1074, CAST(N'2022-05-13' AS Date), N'admin', NULL)\r\n","INSERT [dbo].[CashMovment] ([Id], [Amount], [TreasuryId], [CreatedOnUtc], [CreatedBy], [Note]) VALUES (15, CAST(500.00 AS Decimal(18, 2)), 1074, CAST(N'2022-05-13' AS Date), N'admin', NULL)\r\n","INSERT [dbo].[CashMovment] ([Id], [Amount], [TreasuryId], [CreatedOnUtc], [CreatedBy], [Note]) VALUES (16, CAST(-300.00 AS Decimal(18, 2)), 1074, CAST(N'2022-05-13' AS Date), N'admin', NULL)\r\n","INSERT [dbo].[CashMovment] ([Id], [Amount], [TreasuryId], [CreatedOnUtc], [CreatedBy], [Note]) VALUES (17, CAST(1000.00 AS Decimal(18, 2)), 1075, CAST(N'2022-05-13' AS Date), N'admin', NULL)\r\n","INSERT [dbo].[CashMovment] ([Id], [Amount], [TreasuryId], [CreatedOnUtc], [CreatedBy], [Note]) VALUES (18, CAST(1000000.00 AS Decimal(18, 2)), 1075, CAST(N'2022-05-13' AS Date), N'موظف تجريب صندوق 3', NULL)\r\n","INSERT [dbo].[CashMovment] ([Id], [Amount], [TreasuryId], [CreatedOnUtc], [CreatedBy], [Note]) VALUES (19, CAST(-22000.00 AS Decimal(18, 2)), 1075, CAST(N'2022-05-13' AS Date), N'موظف تجريب صندوق 3', NULL)\r\n","INSERT [dbo].[CashMovment] ([Id], [Amount], [TreasuryId], [CreatedOnUtc], [CreatedBy], [Note]) VALUES (20, CAST(-1090000.00 AS Decimal(18, 2)), 1075, CAST(N'2022-05-13' AS Date), N'موظف تجريب صندوق 3', NULL)\r\n","INSERT [dbo].[CashMovment] ([Id], [Amount], [TreasuryId], [CreatedOnUtc], [CreatedBy], [Note]) VALUES (21, CAST(-500.00 AS Decimal(18, 2)), 1073, CAST(N'2022-05-13' AS Date), N'موظف تجريب صندوق 3', NULL)\r\n","INSERT [dbo].[CashMovment] ([Id], [Amount], [TreasuryId], [CreatedOnUtc], [CreatedBy], [Note]) VALUES (23, CAST(100.00 AS Decimal(18, 2)), 1076, CAST(N'2022-05-14' AS Date), N'admin', NULL)\r\n","INSERT [dbo].[CashMovment] ([Id], [Amount], [TreasuryId], [CreatedOnUtc], [CreatedBy], [Note]) VALUES (24, CAST(123023525.00 AS Decimal(18, 2)), 65, CAST(N'2022-05-20' AS Date), N'admin', NULL)\r\n","INSERT [dbo].[CashMovment] ([Id], [Amount], [TreasuryId], [CreatedOnUtc], [CreatedBy], [Note]) VALUES (25, CAST(-13132.00 AS Decimal(18, 2)), 65, CAST(N'2022-05-20' AS Date), N'admin', NULL)\r\n","INSERT [dbo].[CashMovment] ([Id], [Amount], [TreasuryId], [CreatedOnUtc], [CreatedBy], [Note]) VALUES (26, CAST(-500.00 AS Decimal(18, 2)), 65, CAST(N'2022-06-01' AS Date), N'admin', N'سيكمبنيسمبنكيسمكنب')\r\n","INSERT [dbo].[CashMovment] ([Id], [Amount], [TreasuryId], [CreatedOnUtc], [CreatedBy], [Note]) VALUES (27, CAST(0.00 AS Decimal(18, 2)), 1070, CAST(N'2022-09-02' AS Date), N'admin', NULL)\r\n","INSERT [dbo].[CashMovment] ([Id], [Amount], [TreasuryId], [CreatedOnUtc], [CreatedBy], [Note]) VALUES (28, CAST(0.00 AS Decimal(18, 2)), 1070, CAST(N'2022-09-02' AS Date), N'admin', NULL)\r\n","INSERT [dbo].[CashMovment] ([Id], [Amount], [TreasuryId], [CreatedOnUtc], [CreatedBy], [Note]) VALUES (29, CAST(0.00 AS Decimal(18, 2)), 1070, CAST(N'2022-09-02' AS Date), N'admin', NULL)\r\n","SET IDENTITY_INSERT [dbo].[CashMovment] OFF\r\n","GO\r\n"],"metadata":{"urn":"Server[@Name='LAPTOP-A1S3V5JM']/Database[@Name='Kokaz']/Table[@Name='CashMovment' and @Schema='dbo']","object_type":"Table"}},{"cell_type":"markdown","source":["# [dbo].[ClientPayment]"],"metadata":{"urn":"Server[@Name='LAPTOP-A1S3V5JM']/Database[@Name='Kokaz']/Table[@Name='ClientPayment' and @Schema='dbo']","object_type":"Table"}},{"outputs":[],"execution_count":0,"cell_type":"code","source":["SET IDENTITY_INSERT [dbo].[ClientPayment] ON \r\n","INSERT [dbo].[ClientPayment] ([Id], [PrinterName], [Date], [DestinationName], [DestinationPhone], [BranchId]) VALUES (1, N'admin', CAST(N'2022-04-21T00:00:00.000' AS DateTime), N'عميل نقل البيانات', N'99999999999', 2)\r\n","INSERT [dbo].[ClientPayment] ([Id], [PrinterName], [Date], [DestinationName], [DestinationPhone], [BranchId]) VALUES (2, N'موظف تجريب الصندوق2', CAST(N'2022-05-13T00:00:00.000' AS DateTime), N'عميل جديد كتير ', N'13213213213', 2)\r\n","INSERT [dbo].[ClientPayment] ([Id], [PrinterName], [Date], [DestinationName], [DestinationPhone], [BranchId]) VALUES (3, N'موظف تجريب صندوق 3', CAST(N'2022-05-14T00:00:00.000' AS DateTime), N'عميل1', N'21831289739', 2)\r\n","INSERT [dbo].[ClientPayment] ([Id], [PrinterName], [Date], [DestinationName], [DestinationPhone], [BranchId]) VALUES (4, N'موظف تجريب صندوق 3', CAST(N'2022-05-14T00:00:00.000' AS DateTime), N'عميل نقل البيانات', N'99999999999', 2)\r\n","INSERT [dbo].[ClientPayment] ([Id], [PrinterName], [Date], [DestinationName], [DestinationPhone], [BranchId]) VALUES (5, N'admin', CAST(N'2022-05-14T00:00:00.000' AS DateTime), N'عميل 10 ', N'13213213213', 2)\r\n","INSERT [dbo].[ClientPayment] ([Id], [PrinterName], [Date], [DestinationName], [DestinationPhone], [BranchId]) VALUES (6, N'admin', CAST(N'2022-05-19T00:00:00.000' AS DateTime), N'عميل 10 ', N'13213213213', 2)\r\n","INSERT [dbo].[ClientPayment] ([Id], [PrinterName], [Date], [DestinationName], [DestinationPhone], [BranchId]) VALUES (7, N'admin', CAST(N'2022-05-19T00:00:00.000' AS DateTime), N'عميل 10 ', N'13213213213', 2)\r\n","INSERT [dbo].[ClientPayment] ([Id], [PrinterName], [Date], [DestinationName], [DestinationPhone], [BranchId]) VALUES (8, N'admin', CAST(N'2022-05-19T00:00:00.000' AS DateTime), N'عميل 10 ', N'13213213213', 2)\r\n","INSERT [dbo].[ClientPayment] ([Id], [PrinterName], [Date], [DestinationName], [DestinationPhone], [BranchId]) VALUES (9, N'admin', CAST(N'2022-05-19T00:00:00.000' AS DateTime), N'عميل 10 ', N'13213213213', 2)\r\n","INSERT [dbo].[ClientPayment] ([Id], [PrinterName], [Date], [DestinationName], [DestinationPhone], [BranchId]) VALUES (10, N'admin', CAST(N'2022-06-07T00:00:00.000' AS DateTime), N'عميل 10 ', N'13213213213', 2)\r\n","INSERT [dbo].[ClientPayment] ([Id], [PrinterName], [Date], [DestinationName], [DestinationPhone], [BranchId]) VALUES (11, N'admin', CAST(N'2022-06-07T00:00:00.000' AS DateTime), N'عميل 10 ', N'13213213213', 2)\r\n","INSERT [dbo].[ClientPayment] ([Id], [PrinterName], [Date], [DestinationName], [DestinationPhone], [BranchId]) VALUES (12, N'admin', CAST(N'2022-07-29T09:01:06.180' AS DateTime), N'عميل 10 ', N'13213213213', 2)\r\n","INSERT [dbo].[ClientPayment] ([Id], [PrinterName], [Date], [DestinationName], [DestinationPhone], [BranchId]) VALUES (13, N'admin', CAST(N'2022-07-29T09:05:07.483' AS DateTime), N'عميل1', N'21831289739', 2)\r\n","INSERT [dbo].[ClientPayment] ([Id], [PrinterName], [Date], [DestinationName], [DestinationPhone], [BranchId]) VALUES (14, N'admin', CAST(N'2022-07-29T11:59:07.567' AS DateTime), N'عميل1', N'21831289739', 2)\r\n","SET IDENTITY_INSERT [dbo].[ClientPayment] OFF\r\n","GO\r\n"],"metadata":{"urn":"Server[@Name='LAPTOP-A1S3V5JM']/Database[@Name='Kokaz']/Table[@Name='ClientPayment' and @Schema='dbo']","object_type":"Table"}},{"cell_type":"markdown","source":["# [dbo].[ClientPaymentDetails]"],"metadata":{"urn":"Server[@Name='LAPTOP-A1S3V5JM']/Database[@Name='Kokaz']/Table[@Name='ClientPaymentDetails' and @Schema='dbo']","object_type":"Table"}},{"outputs":[],"execution_count":0,"cell_type":"code","source":["SET IDENTITY_INSERT [dbo].[ClientPaymentDetails] ON \r\n","INSERT [dbo].[ClientPaymentDetails] ([Id], [ClientPaymentId], [Code], [LastTotal], [Total], [DeliveryCost], [Country], [Phone], [MoneyPlacedId], [OrderPlacedId], [Date], [Note], [PayForClient], [ClientNote]) VALUES (1, 1, N'1', NULL, CAST(100000.00 AS Decimal(18, 2)), CAST(5000.00 AS Decimal(18, 2)), N'م', N'1', 1, 3, CAST(N'2022-04-16' AS Date), NULL, 95000.0000, NULL)\r\n","INSERT [dbo].[ClientPaymentDetails] ([Id], [ClientPaymentId], [Code], [LastTotal], [Total], [DeliveryCost], [Country], [Phone], [MoneyPlacedId], [OrderPlacedId], [Date], [Note], [PayForClient], [ClientNote]) VALUES (2, 1, N'2', NULL, CAST(100000.00 AS Decimal(18, 2)), CAST(5000.00 AS Decimal(18, 2)), N'م', N'2', 1, 3, CAST(N'2022-04-16' AS Date), NULL, 95000.0000, NULL)\r\n","INSERT [dbo].[ClientPaymentDetails] ([Id], [ClientPaymentId], [Code], [LastTotal], [Total], [DeliveryCost], [Country], [Phone], [MoneyPlacedId], [OrderPlacedId], [Date], [Note], [PayForClient], [ClientNote]) VALUES (3, 1, N'3', NULL, CAST(100000.00 AS Decimal(18, 2)), CAST(5000.00 AS Decimal(18, 2)), N'م', N'1', 1, 3, CAST(N'2022-04-16' AS Date), NULL, 95000.0000, NULL)\r\n","INSERT [dbo].[ClientPaymentDetails] ([Id], [ClientPaymentId], [Code], [LastTotal], [Total], [DeliveryCost], [Country], [Phone], [MoneyPlacedId], [OrderPlacedId], [Date], [Note], [PayForClient], [ClientNote]) VALUES (4, 1, N'4', NULL, CAST(100000.00 AS Decimal(18, 2)), CAST(5000.00 AS Decimal(18, 2)), N'م', N'3', 1, 3, CAST(N'2022-04-16' AS Date), NULL, 95000.0000, NULL)\r\n","INSERT [dbo].[ClientPaymentDetails] ([Id], [ClientPaymentId], [Code], [LastTotal], [Total], [DeliveryCost], [Country], [Phone], [MoneyPlacedId], [OrderPlacedId], [Date], [Note], [PayForClient], [ClientNote]) VALUES (5, 1, N'5', NULL, CAST(100000.00 AS Decimal(18, 2)), CAST(5000.00 AS Decimal(18, 2)), N'م', N'2', 1, 3, CAST(N'2022-04-16' AS Date), NULL, 95000.0000, NULL)\r\n","INSERT [dbo].[ClientPaymentDetails] ([Id], [ClientPaymentId], [Code], [LastTotal], [Total], [DeliveryCost], [Country], [Phone], [MoneyPlacedId], [OrderPlacedId], [Date], [Note], [PayForClient], [ClientNote]) VALUES (6, 1, N'6', NULL, CAST(100000.00 AS Decimal(18, 2)), CAST(5000.00 AS Decimal(18, 2)), N'م', N'2', 1, 3, CAST(N'2022-04-16' AS Date), NULL, 95000.0000, NULL)\r\n","INSERT [dbo].[ClientPaymentDetails] ([Id], [ClientPaymentId], [Code], [LastTotal], [Total], [DeliveryCost], [Country], [Phone], [MoneyPlacedId], [OrderPlacedId], [Date], [Note], [PayForClient], [ClientNote]) VALUES (7, 1, N'7', NULL, CAST(100000.00 AS Decimal(18, 2)), CAST(5000.00 AS Decimal(18, 2)), N'م', N'2', 1, 3, CAST(N'2022-04-16' AS Date), NULL, 95000.0000, NULL)\r\n","INSERT [dbo].[ClientPaymentDetails] ([Id], [ClientPaymentId], [Code], [LastTotal], [Total], [DeliveryCost], [Country], [Phone], [MoneyPlacedId], [OrderPlacedId], [Date], [Note], [PayForClient], [ClientNote]) VALUES (8, 1, N'8', NULL, CAST(1000000.00 AS Decimal(18, 2)), CAST(5000.00 AS Decimal(18, 2)), N'م', N'0', 1, 3, CAST(N'2022-04-16' AS Date), NULL, 995000.0000, NULL)\r\n","INSERT [dbo].[ClientPaymentDetails] ([Id], [ClientPaymentId], [Code], [LastTotal], [Total], [DeliveryCost], [Country], [Phone], [MoneyPlacedId], [OrderPlacedId], [Date], [Note], [PayForClient], [ClientNote]) VALUES (9, 1, N'9', NULL, CAST(1000000.00 AS Decimal(18, 2)), CAST(5000.00 AS Decimal(18, 2)), N'م', N'3', 1, 3, CAST(N'2022-04-16' AS Date), NULL, 995000.0000, NULL)\r\n","INSERT [dbo].[ClientPaymentDetails] ([Id], [ClientPaymentId], [Code], [LastTotal], [Total], [DeliveryCost], [Country], [Phone], [MoneyPlacedId], [OrderPlacedId], [Date], [Note], [PayForClient], [ClientNote]) VALUES (10, 1, N'10', NULL, CAST(1000000.00 AS Decimal(18, 2)), CAST(5000.00 AS Decimal(18, 2)), N'م', N'3', 1, 3, CAST(N'2022-04-16' AS Date), NULL, 995000.0000, NULL)\r\n","INSERT [dbo].[ClientPaymentDetails] ([Id], [ClientPaymentId], [Code], [LastTotal], [Total], [DeliveryCost], [Country], [Phone], [MoneyPlacedId], [OrderPlacedId], [Date], [Note], [PayForClient], [ClientNote]) VALUES (11, 1, N'11', NULL, CAST(1000000.00 AS Decimal(18, 2)), CAST(5000.00 AS Decimal(18, 2)), N'م', N'3', 1, 3, CAST(N'2022-04-16' AS Date), NULL, 995000.0000, NULL)\r\n","INSERT [dbo].[ClientPaymentDetails] ([Id], [ClientPaymentId], [Code], [LastTotal], [Total], [DeliveryCost], [Country], [Phone], [MoneyPlacedId], [OrderPlacedId], [Date], [Note], [PayForClient], [ClientNote]) VALUES (12, 1, N'12', NULL, CAST(100000.00 AS Decimal(18, 2)), CAST(5000.00 AS Decimal(18, 2)), N'م', N'3', 1, 3, CAST(N'2022-04-16' AS Date), NULL, 95000.0000, NULL)\r\n","INSERT [dbo].[ClientPaymentDetails] ([Id], [ClientPaymentId], [Code], [LastTotal], [Total], [DeliveryCost], [Country], [Phone], [MoneyPlacedId], [OrderPlacedId], [Date], [Note], [PayForClient], [ClientNote]) VALUES (13, 1, N'13', NULL, CAST(1000000.00 AS Decimal(18, 2)), CAST(5000.00 AS Decimal(18, 2)), N'م', N'3', 1, 3, CAST(N'2022-04-16' AS Date), NULL, 995000.0000, NULL)\r\n","INSERT [dbo].[ClientPaymentDetails] ([Id], [ClientPaymentId], [Code], [LastTotal], [Total], [DeliveryCost], [Country], [Phone], [MoneyPlacedId], [OrderPlacedId], [Date], [Note], [PayForClient], [ClientNote]) VALUES (14, 1, N'14', NULL, CAST(1000000.00 AS Decimal(18, 2)), CAST(5000.00 AS Decimal(18, 2)), N'م', N'1', 1, 3, CAST(N'2022-04-16' AS Date), NULL, 995000.0000, NULL)\r\n","INSERT [dbo].[ClientPaymentDetails] ([Id], [ClientPaymentId], [Code], [LastTotal], [Total], [DeliveryCost], [Country], [Phone], [MoneyPlacedId], [OrderPlacedId], [Date], [Note], [PayForClient], [ClientNote]) VALUES (15, 2, N'1', NULL, CAST(1000000.00 AS Decimal(18, 2)), CAST(2000.00 AS Decimal(18, 2)), N'مدينة2', N'12312312312', 4, 4, NULL, N'string', 998000.0000, NULL)\r\n","INSERT [dbo].[ClientPaymentDetails] ([Id], [ClientPaymentId], [Code], [LastTotal], [Total], [DeliveryCost], [Country], [Phone], [MoneyPlacedId], [OrderPlacedId], [Date], [Note], [PayForClient], [ClientNote]) VALUES (16, 3, N'200', NULL, CAST(100000.00 AS Decimal(18, 2)), CAST(2000.00 AS Decimal(18, 2)), N'مدينة2', N'23123132132', 1, 3, NULL, NULL, 98000.0000, NULL)\r\n","INSERT [dbo].[ClientPaymentDetails] ([Id], [ClientPaymentId], [Code], [LastTotal], [Total], [DeliveryCost], [Country], [Phone], [MoneyPlacedId], [OrderPlacedId], [Date], [Note], [PayForClient], [ClientNote]) VALUES (17, 3, N'201', NULL, CAST(100000.00 AS Decimal(18, 2)), CAST(2000.00 AS Decimal(18, 2)), N'مدينة2', N'23132132132', 1, 3, NULL, NULL, 98000.0000, NULL)\r\n","INSERT [dbo].[ClientPaymentDetails] ([Id], [ClientPaymentId], [Code], [LastTotal], [Total], [DeliveryCost], [Country], [Phone], [MoneyPlacedId], [OrderPlacedId], [Date], [Note], [PayForClient], [ClientNote]) VALUES (18, 3, N'202', NULL, CAST(1000000.00 AS Decimal(18, 2)), CAST(2000.00 AS Decimal(18, 2)), N'مدينة2', N'32132132132', 1, 3, NULL, NULL, 998000.0000, NULL)\r\n","INSERT [dbo].[ClientPaymentDetails] ([Id], [ClientPaymentId], [Code], [LastTotal], [Total], [DeliveryCost], [Country], [Phone], [MoneyPlacedId], [OrderPlacedId], [Date], [Note], [PayForClient], [ClientNote]) VALUES (19, 3, N'203', NULL, CAST(100000.00 AS Decimal(18, 2)), CAST(2000.00 AS Decimal(18, 2)), N'مدينة2', N'12313213213', 1, 3, NULL, NULL, 98000.0000, NULL)\r\n","INSERT [dbo].[ClientPaymentDetails] ([Id], [ClientPaymentId], [Code], [LastTotal], [Total], [DeliveryCost], [Country], [Phone], [MoneyPlacedId], [OrderPlacedId], [Date], [Note], [PayForClient], [ClientNote]) VALUES (20, 3, N'204', NULL, CAST(100000.00 AS Decimal(18, 2)), CAST(2000.00 AS Decimal(18, 2)), N'مدينة2', N'32132132132', 1, 3, NULL, NULL, 98000.0000, NULL)\r\n","INSERT [dbo].[ClientPaymentDetails] ([Id], [ClientPaymentId], [Code], [LastTotal], [Total], [DeliveryCost], [Country], [Phone], [MoneyPlacedId], [OrderPlacedId], [Date], [Note], [PayForClient], [ClientNote]) VALUES (21, 3, N'205', NULL, CAST(100000.00 AS Decimal(18, 2)), CAST(2000.00 AS Decimal(18, 2)), N'مدينة2', N'21321321321', 1, 3, NULL, NULL, 98000.0000, NULL)\r\n","INSERT [dbo].[ClientPaymentDetails] ([Id], [ClientPaymentId], [Code], [LastTotal], [Total], [DeliveryCost], [Country], [Phone], [MoneyPlacedId], [OrderPlacedId], [Date], [Note], [PayForClient], [ClientNote]) VALUES (22, 3, N'206', NULL, CAST(100000.00 AS Decimal(18, 2)), CAST(2000.00 AS Decimal(18, 2)), N'مدينة2', N'32132132132', 1, 3, NULL, NULL, 98000.0000, NULL)\r\n","INSERT [dbo].[ClientPaymentDetails] ([Id], [ClientPaymentId], [Code], [LastTotal], [Total], [DeliveryCost], [Country], [Phone], [MoneyPlacedId], [OrderPlacedId], [Date], [Note], [PayForClient], [ClientNote]) VALUES (23, 3, N'207', NULL, CAST(100000.00 AS Decimal(18, 2)), CAST(2000.00 AS Decimal(18, 2)), N'مدينة2', N'21321321321', 1, 3, NULL, NULL, 98000.0000, NULL)\r\n","INSERT [dbo].[ClientPaymentDetails] ([Id], [ClientPaymentId], [Code], [LastTotal], [Total], [DeliveryCost], [Country], [Phone], [MoneyPlacedId], [OrderPlacedId], [Date], [Note], [PayForClient], [ClientNote]) VALUES (24, 3, N'208', NULL, CAST(100000.00 AS Decimal(18, 2)), CAST(2000.00 AS Decimal(18, 2)), N'مدينة2', N'32132132132', 1, 3, NULL, NULL, 98000.0000, NULL)\r\n","INSERT [dbo].[ClientPaymentDetails] ([Id], [ClientPaymentId], [Code], [LastTotal], [Total], [DeliveryCost], [Country], [Phone], [MoneyPlacedId], [OrderPlacedId], [Date], [Note], [PayForClient], [ClientNote]) VALUES (25, 3, N'209', NULL, CAST(100000.00 AS Decimal(18, 2)), CAST(2000.00 AS Decimal(18, 2)), N'مدينة2', N'32321321321', 1, 3, NULL, NULL, 98000.0000, NULL)\r\n","INSERT [dbo].[ClientPaymentDetails] ([Id], [ClientPaymentId], [Code], [LastTotal], [Total], [DeliveryCost], [Country], [Phone], [MoneyPlacedId], [OrderPlacedId], [Date], [Note], [PayForClient], [ClientNote]) VALUES (26, 3, N'210', NULL, CAST(100000.00 AS Decimal(18, 2)), CAST(2000.00 AS Decimal(18, 2)), N'مدينة2', N'32132132132', 1, 3, NULL, NULL, 98000.0000, NULL)\r\n","INSERT [dbo].[ClientPaymentDetails] ([Id], [ClientPaymentId], [Code], [LastTotal], [Total], [DeliveryCost], [Country], [Phone], [MoneyPlacedId], [OrderPlacedId], [Date], [Note], [PayForClient], [ClientNote]) VALUES (27, 4, N'4', CAST(100000.00 AS Decimal(18, 2)), CAST(0.00 AS Decimal(18, 2)), CAST(5000.00 AS Decimal(18, 2)), N'مدينة تجريب نقل البيانات', N'32132132132', 4, 5, NULL, NULL, -95000.0000, NULL)\r\n","INSERT [dbo].[ClientPaymentDetails] ([Id], [ClientPaymentId], [Code], [LastTotal], [Total], [DeliveryCost], [Country], [Phone], [MoneyPlacedId], [OrderPlacedId], [Date], [Note], [PayForClient], [ClientNote]) VALUES (28, 4, N'9', CAST(1000000.00 AS Decimal(18, 2)), CAST(0.00 AS Decimal(18, 2)), CAST(5000.00 AS Decimal(18, 2)), N'مدينة تجريب نقل البيانات', N'32132132132', 4, 5, NULL, NULL, -995000.0000, NULL)\r\n","INSERT [dbo].[ClientPaymentDetails] ([Id], [ClientPaymentId], [Code], [LastTotal], [Total], [DeliveryCost], [Country], [Phone], [MoneyPlacedId], [OrderPlacedId], [Date], [Note], [PayForClient], [ClientNote]) VALUES (29, 5, N'2', CAST(1000000.00 AS Decimal(18, 2)), CAST(0.00 AS Decimal(18, 2)), CAST(0.00 AS Decimal(18, 2)), N'مدينة2', N'12321312312', 4, 5, NULL, NULL, 0.0000, NULL)\r\n","INSERT [dbo].[ClientPaymentDetails] ([Id], [ClientPaymentId], [Code], [LastTotal], [Total], [DeliveryCost], [Country], [Phone], [MoneyPlacedId], [OrderPlacedId], [Date], [Note], [PayForClient], [ClientNote]) VALUES (30, 5, N'3', NULL, CAST(1000000.00 AS Decimal(18, 2)), CAST(2000.00 AS Decimal(18, 2)), N'مدينة2', N'12312839172', 4, 4, NULL, NULL, 998000.0000, NULL)\r\n","INSERT [dbo].[ClientPaymentDetails] ([Id], [ClientPaymentId], [Code], [LastTotal], [Total], [DeliveryCost], [Country], [Phone], [MoneyPlacedId], [OrderPlacedId], [Date], [Note], [PayForClient], [ClientNote]) VALUES (31, 5, N'4', NULL, CAST(1000000.00 AS Decimal(18, 2)), CAST(2000.00 AS Decimal(18, 2)), N'مدينة2', N'12312739129', 4, 4, NULL, NULL, 998000.0000, NULL)\r\n","INSERT [dbo].[ClientPaymentDetails] ([Id], [ClientPaymentId], [Code], [LastTotal], [Total], [DeliveryCost], [Country], [Phone], [MoneyPlacedId], [OrderPlacedId], [Date], [Note], [PayForClient], [ClientNote]) VALUES (32, 5, N'5', CAST(1000000.00 AS Decimal(18, 2)), CAST(0.00 AS Decimal(18, 2)), CAST(0.00 AS Decimal(18, 2)), N'مدينة2', N'23871293712', 4, 5, NULL, NULL, 0.0000, NULL)\r\n","INSERT [dbo].[ClientPaymentDetails] ([Id], [ClientPaymentId], [Code], [LastTotal], [Total], [DeliveryCost], [Country], [Phone], [MoneyPlacedId], [OrderPlacedId], [Date], [Note], [PayForClient], [ClientNote]) VALUES (33, 5, N'6', NULL, CAST(1000000.00 AS Decimal(18, 2)), CAST(2000.00 AS Decimal(18, 2)), N'مدينة2', N'12312312312', 4, 4, NULL, NULL, 998000.0000, NULL)\r\n","INSERT [dbo].[ClientPaymentDetails] ([Id], [ClientPaymentId], [Code], [LastTotal], [Total], [DeliveryCost], [Country], [Phone], [MoneyPlacedId], [OrderPlacedId], [Date], [Note], [PayForClient], [ClientNote]) VALUES (34, 5, N'7', NULL, CAST(1000000.00 AS Decimal(18, 2)), CAST(2000.00 AS Decimal(18, 2)), N'مدينة2', N'21312312312', 4, 4, NULL, NULL, 998000.0000, NULL)\r\n","INSERT [dbo].[ClientPaymentDetails] ([Id], [ClientPaymentId], [Code], [LastTotal], [Total], [DeliveryCost], [Country], [Phone], [MoneyPlacedId], [OrderPlacedId], [Date], [Note], [PayForClient], [ClientNote]) VALUES (35, 5, N'8', CAST(1000000.00 AS Decimal(18, 2)), CAST(0.00 AS Decimal(18, 2)), CAST(0.00 AS Decimal(18, 2)), N'مدينة2', N'21312312312', 4, 5, NULL, NULL, 0.0000, NULL)\r\n","INSERT [dbo].[ClientPaymentDetails] ([Id], [ClientPaymentId], [Code], [LastTotal], [Total], [DeliveryCost], [Country], [Phone], [MoneyPlacedId], [OrderPlacedId], [Date], [Note], [PayForClient], [ClientNote]) VALUES (36, 5, N'9', NULL, CAST(1000000.00 AS Decimal(18, 2)), CAST(2000.00 AS Decimal(18, 2)), N'مدينة2', N'12381293109', 1, 3, NULL, NULL, 998000.0000, NULL)\r\n","INSERT [dbo].[ClientPaymentDetails] ([Id], [ClientPaymentId], [Code], [LastTotal], [Total], [DeliveryCost], [Country], [Phone], [MoneyPlacedId], [OrderPlacedId], [Date], [Note], [PayForClient], [ClientNote]) VALUES (37, 5, N'10', NULL, CAST(1000000.00 AS Decimal(18, 2)), CAST(2000.00 AS Decimal(18, 2)), N'مدينة2', N'12936128937', 4, 4, NULL, N'', 998000.0000, NULL)\r\n","INSERT [dbo].[ClientPaymentDetails] ([Id], [ClientPaymentId], [Code], [LastTotal], [Total], [DeliveryCost], [Country], [Phone], [MoneyPlacedId], [OrderPlacedId], [Date], [Note], [PayForClient], [ClientNote]) VALUES (38, 6, N'500', NULL, CAST(1000000.00 AS Decimal(18, 2)), CAST(2000.00 AS Decimal(18, 2)), N'مدينة2', N'09320129301', 1, 3, NULL, NULL, 998000.0000, NULL)\r\n","INSERT [dbo].[ClientPaymentDetails] ([Id], [ClientPaymentId], [Code], [LastTotal], [Total], [DeliveryCost], [Country], [Phone], [MoneyPlacedId], [OrderPlacedId], [Date], [Note], [PayForClient], [ClientNote]) VALUES (39, 6, N'501', NULL, CAST(100000.00 AS Decimal(18, 2)), CAST(5000.00 AS Decimal(18, 2)), N'مدينة تجريب نقل البيانات', N'21381209830', 1, 3, NULL, N'ملاحظات', 95000.0000, NULL)\r\n","INSERT [dbo].[ClientPaymentDetails] ([Id], [ClientPaymentId], [Code], [LastTotal], [Total], [DeliveryCost], [Country], [Phone], [MoneyPlacedId], [OrderPlacedId], [Date], [Note], [PayForClient], [ClientNote]) VALUES (40, 6, N'502', NULL, CAST(120938129.00 AS Decimal(18, 2)), CAST(2000.00 AS Decimal(18, 2)), N'مدينة2', N'12931289389', 1, 3, NULL, NULL, 120936129.0000, NULL)\r\n","INSERT [dbo].[ClientPaymentDetails] ([Id], [ClientPaymentId], [Code], [LastTotal], [Total], [DeliveryCost], [Country], [Phone], [MoneyPlacedId], [OrderPlacedId], [Date], [Note], [PayForClient], [ClientNote]) VALUES (41, 7, N'600', NULL, CAST(100000.00 AS Decimal(18, 2)), CAST(2000.00 AS Decimal(18, 2)), N'مدينة2', N'21308912309', 1, 3, NULL, NULL, 98000.0000, NULL)\r\n","INSERT [dbo].[ClientPaymentDetails] ([Id], [ClientPaymentId], [Code], [LastTotal], [Total], [DeliveryCost], [Country], [Phone], [MoneyPlacedId], [OrderPlacedId], [Date], [Note], [PayForClient], [ClientNote]) VALUES (42, 8, N'700', NULL, CAST(100000.00 AS Decimal(18, 2)), CAST(2000.00 AS Decimal(18, 2)), N'مدينة2', N'91209380912', 1, 3, CAST(N'2022-05-19' AS Date), NULL, 98000.0000, NULL)\r\n","INSERT [dbo].[ClientPaymentDetails] ([Id], [ClientPaymentId], [Code], [LastTotal], [Total], [DeliveryCost], [Country], [Phone], [MoneyPlacedId], [OrderPlacedId], [Date], [Note], [PayForClient], [ClientNote]) VALUES (43, 9, N'701', NULL, CAST(10000.00 AS Decimal(18, 2)), CAST(2000.00 AS Decimal(18, 2)), N'مدينة2', N'32423094823', 1, 3, CAST(N'2022-05-19' AS Date), NULL, 8000.0000, NULL)\r\n","INSERT [dbo].[ClientPaymentDetails] ([Id], [ClientPaymentId], [Code], [LastTotal], [Total], [DeliveryCost], [Country], [Phone], [MoneyPlacedId], [OrderPlacedId], [Date], [Note], [PayForClient], [ClientNote]) VALUES (44, 10, N'702', NULL, CAST(100000.00 AS Decimal(18, 2)), CAST(2000.00 AS Decimal(18, 2)), N'مدينة2', N'29034828937', 1, 3, CAST(N'2022-05-19' AS Date), NULL, 98000.0000, NULL)\r\n","INSERT [dbo].[ClientPaymentDetails] ([Id], [ClientPaymentId], [Code], [LastTotal], [Total], [DeliveryCost], [Country], [Phone], [MoneyPlacedId], [OrderPlacedId], [Date], [Note], [PayForClient], [ClientNote]) VALUES (45, 11, N'8000', NULL, CAST(100000.00 AS Decimal(18, 2)), CAST(2000.00 AS Decimal(18, 2)), N'مدينة2', N'93120930192', 1, 3, CAST(N'2022-05-19' AS Date), NULL, 98000.0000, NULL)\r\n","INSERT [dbo].[ClientPaymentDetails] ([Id], [ClientPaymentId], [Code], [LastTotal], [Total], [DeliveryCost], [Country], [Phone], [MoneyPlacedId], [OrderPlacedId], [Date], [Note], [PayForClient], [ClientNote]) VALUES (46, 12, N'8001', NULL, CAST(100000.00 AS Decimal(18, 2)), CAST(2000.00 AS Decimal(18, 2)), N'مدينة2', N'20983809127', 1, 3, CAST(N'2022-05-19' AS Date), NULL, 98000.0000, NULL)\r\n","INSERT [dbo].[ClientPaymentDetails] ([Id], [ClientPaymentId], [Code], [LastTotal], [Total], [DeliveryCost], [Country], [Phone], [MoneyPlacedId], [OrderPlacedId], [Date], [Note], [PayForClient], [ClientNote]) VALUES (47, 13, N'150', NULL, CAST(100000.00 AS Decimal(18, 2)), CAST(2000.00 AS Decimal(18, 2)), N'مدينة2', N'15616165165', 1, 3, CAST(N'2022-07-29' AS Date), N'س', 98000.0000, NULL)\r\n","INSERT [dbo].[ClientPaymentDetails] ([Id], [ClientPaymentId], [Code], [LastTotal], [Total], [DeliveryCost], [Country], [Phone], [MoneyPlacedId], [OrderPlacedId], [Date], [Note], [PayForClient], [ClientNote]) VALUES (48, 14, N'1230', NULL, CAST(2999.00 AS Decimal(18, 2)), CAST(2000.00 AS Decimal(18, 2)), N'مدينة2', N'29391239129', 1, 3, CAST(N'2022-07-15' AS Date), N'تسيبانتسيباتنيسلبنتيباسي', 999.0000, NULL)\r\n","SET IDENTITY_INSERT [dbo].[ClientPaymentDetails] OFF\r\n","GO\r\n"],"metadata":{"urn":"Server[@Name='LAPTOP-A1S3V5JM']/Database[@Name='Kokaz']/Table[@Name='ClientPaymentDetails' and @Schema='dbo']","object_type":"Table"}},{"cell_type":"markdown","source":["# [dbo].[clientPhones]"],"metadata":{"urn":"Server[@Name='LAPTOP-A1S3V5JM']/Database[@Name='Kokaz']/Table[@Name='clientPhones' and @Schema='dbo']","object_type":"Table"}},{"outputs":[],"execution_count":0,"cell_type":"code","source":["SET IDENTITY_INSERT [dbo].[clientPhones] ON \r\n","INSERT [dbo].[clientPhones] ([Id], [ClientId], [Phone]) VALUES (1301, 1294, N'23312321323')\r\n","INSERT [dbo].[clientPhones] ([Id], [ClientId], [Phone]) VALUES (2301, 2294, N'21831289739')\r\n","INSERT [dbo].[clientPhones] ([Id], [ClientId], [Phone]) VALUES (2302, 2295, N'54565654564')\r\n","INSERT [dbo].[clientPhones] ([Id], [ClientId], [Phone]) VALUES (2303, 2296, N'99999999999')\r\n","INSERT [dbo].[clientPhones] ([Id], [ClientId], [Phone]) VALUES (2304, 2297, N'13213213213')\r\n","INSERT [dbo].[clientPhones] ([Id], [ClientId], [Phone]) VALUES (2305, 2298, N'15646546546')\r\n","SET IDENTITY_INSERT [dbo].[clientPhones] OFF\r\n","GO\r\n"],"metadata":{"urn":"Server[@Name='LAPTOP-A1S3V5JM']/Database[@Name='Kokaz']/Table[@Name='clientPhones' and @Schema='dbo']","object_type":"Table"}},{"cell_type":"markdown","source":["# [dbo].[Clients]"],"metadata":{"urn":"Server[@Name='LAPTOP-A1S3V5JM']/Database[@Name='Kokaz']/Table[@Name='Clients' and @Schema='dbo']","object_type":"Table"}},{"outputs":[],"execution_count":0,"cell_type":"code","source":["SET IDENTITY_INSERT [dbo].[Clients] ON \r\n","INSERT [dbo].[Clients] ([Id], [Name], [CountryId], [Address], [FirstDate], [Note], [UserName], [Password], [UserId], [Mail], [Points], [BranchId]) VALUES (1294, N'kkkknnnk', 2, N'ccc', CAST(N'2022-02-10' AS Date), N'nvnvn', N'zzz', N'9336ebf25087d91c818ee6e9ec29f8c1', 65, N'asd@asd.com', 40, 2)\r\n","INSERT [dbo].[Clients] ([Id], [Name], [CountryId], [Address], [FirstDate], [Note], [UserName], [Password], [UserId], [Mail], [Points], [BranchId]) VALUES (2294, N'عميل1', 2, N'sadjasld', CAST(N'2022-03-04' AS Date), NULL, N'client1', N'202cb962ac59075b964b07152d234b70', 65, NULL, 230, 2)\r\n","INSERT [dbo].[Clients] ([Id], [Name], [CountryId], [Address], [FirstDate], [Note], [UserName], [Password], [UserId], [Mail], [Points], [BranchId]) VALUES (2295, N'عميل تسديد شركات ', NULL, N' ', CAST(N'2022-03-06' AS Date), NULL, N'client3', N'202cb962ac59075b964b07152d234b70', 65, NULL, 0, 2)\r\n","INSERT [dbo].[Clients] ([Id], [Name], [CountryId], [Address], [FirstDate], [Note], [UserName], [Password], [UserId], [Mail], [Points], [BranchId]) VALUES (2296, N'عميل نقل البيانات', 34, N'شسمينماشسم', CAST(N'2022-04-01' AS Date), N'asdasd', N'clientTransfer', N'202cb962ac59075b964b07152d234b70', 65, N'transfer@gmail.com', 200, 2)\r\n","INSERT [dbo].[Clients] ([Id], [Name], [CountryId], [Address], [FirstDate], [Note], [UserName], [Password], [UserId], [Mail], [Points], [BranchId]) VALUES (2297, N'عميل 10 ', 2, N' sad', CAST(N'2022-05-10' AS Date), N'sad', N'client100', N'202cb962ac59075b964b07152d234b70', 65, N'', 160, 2)\r\n","INSERT [dbo].[Clients] ([Id], [Name], [CountryId], [Address], [FirstDate], [Note], [UserName], [Password], [UserId], [Mail], [Points], [BranchId]) VALUES (2298, N'عميل تجريب الفرع 2', 2, N' sdkad', CAST(N'2022-07-12' AS Date), N'asdlkasjd', N'clientBranch2', N'202cb962ac59075b964b07152d234b70', 65, N'skdj@asd.com', 0, 3)\r\n","SET IDENTITY_INSERT [dbo].[Clients] OFF\r\n","GO\r\n"],"metadata":{"urn":"Server[@Name='LAPTOP-A1S3V5JM']/Database[@Name='Kokaz']/Table[@Name='Clients' and @Schema='dbo']","object_type":"Table"}},{"cell_type":"markdown","source":["# [dbo].[Country]"],"metadata":{"urn":"Server[@Name='LAPTOP-A1S3V5JM']/Database[@Name='Kokaz']/Table[@Name='Country' and @Schema='dbo']","object_type":"Table"}},{"outputs":[],"execution_count":0,"cell_type":"code","source":["SET IDENTITY_INSERT [dbo].[Country] ON \r\n","INSERT [dbo].[Country] ([Id], [Name], [DeliveryCost], [mediatorId], [IsMain], [Points]) VALUES (1, N'TTTCCCTTTCCC', CAST(10000.00 AS Decimal(18, 2)), NULL, 1, 10)\r\n","INSERT [dbo].[Country] ([Id], [Name], [DeliveryCost], [mediatorId], [IsMain], [Points]) VALUES (2, N'مدينة2', CAST(2000.00 AS Decimal(18, 2)), NULL, 0, 10)\r\n","INSERT [dbo].[Country] ([Id], [Name], [DeliveryCost], [mediatorId], [IsMain], [Points]) VALUES (3, N'country1', CAST(1000.00 AS Decimal(18, 2)), NULL, 0, 100)\r\n","INSERT [dbo].[Country] ([Id], [Name], [DeliveryCost], [mediatorId], [IsMain], [Points]) VALUES (6, N'country2', CAST(900.00 AS Decimal(18, 2)), NULL, 0, 90)\r\n","INSERT [dbo].[Country] ([Id], [Name], [DeliveryCost], [mediatorId], [IsMain], [Points]) VALUES (7, N'tt', CAST(10.00 AS Decimal(18, 2)), NULL, 0, 100)\r\n","INSERT [dbo].[Country] ([Id], [Name], [DeliveryCost], [mediatorId], [IsMain], [Points]) VALUES (8, N'tt4', CAST(10.00 AS Decimal(18, 2)), NULL, 0, 100)\r\n","INSERT [dbo].[Country] ([Id], [Name], [DeliveryCost], [mediatorId], [IsMain], [Points]) VALUES (9, N'newcountry', CAST(1000.00 AS Decimal(18, 2)), 1, 0, 20)\r\n","INSERT [dbo].[Country] ([Id], [Name], [DeliveryCost], [mediatorId], [IsMain], [Points]) VALUES (34, N'مدينة تجريب نقل البيانات', CAST(5000.00 AS Decimal(18, 2)), NULL, 0, 10)\r\n","SET IDENTITY_INSERT [dbo].[Country] OFF\r\n","GO\r\n"],"metadata":{"urn":"Server[@Name='LAPTOP-A1S3V5JM']/Database[@Name='Kokaz']/Table[@Name='Country' and @Schema='dbo']","object_type":"Table"}},{"cell_type":"markdown","source":["# [dbo].[DisAcceptOrder]"],"metadata":{"urn":"Server[@Name='LAPTOP-A1S3V5JM']/Database[@Name='Kokaz']/Table[@Name='DisAcceptOrder' and @Schema='dbo']","object_type":"Table"}},{"outputs":[],"execution_count":0,"cell_type":"code","source":["SET IDENTITY_INSERT [dbo].[DisAcceptOrder] ON \r\n","INSERT [dbo].[DisAcceptOrder] ([Id], [Code], [ClientId], [CountryId], [DeliveryCost], [Cost], [RecipientName], [RecipientPhones], [RegionId], [Address], [ClientNote], [CreatedBy], [Date], [IsDollar], [UpdatedBy], [UpdatedDate], [BranchId]) VALUES (1, N'21312', 1294, 1, CAST(10000.00 AS Decimal(18, 2)), CAST(1313123.00 AS Decimal(18, 2)), N'sdjaskj', N'12345678910', NULL, N'wsdkjasdkj', N'jkdfjkshdfkjasdfkjshdf~', N'عميل 1', CAST(N'2022-01-31' AS Date), 0, N'admin', CAST(N'2022-03-15' AS Date), 2)\r\n","INSERT [dbo].[DisAcceptOrder] ([Id], [Code], [ClientId], [CountryId], [DeliveryCost], [Cost], [RecipientName], [RecipientPhones], [RegionId], [Address], [ClientNote], [CreatedBy], [Date], [IsDollar], [UpdatedBy], [UpdatedDate], [BranchId]) VALUES (2, N'400', 1294, 1, CAST(10000.00 AS Decimal(18, 2)), CAST(100000.00 AS Decimal(18, 2)), N'dsj', N'23091283901', NULL, N'jkfsd', N'dfhakdhfkjashdfkjhdfkjhd', N'عميل 1', CAST(N'2022-01-31' AS Date), 0, N'admin', CAST(N'2022-03-15' AS Date), 2)\r\n","INSERT [dbo].[DisAcceptOrder] ([Id], [Code], [ClientId], [CountryId], [DeliveryCost], [Cost], [RecipientName], [RecipientPhones], [RegionId], [Address], [ClientNote], [CreatedBy], [Date], [IsDollar], [UpdatedBy], [UpdatedDate], [BranchId]) VALUES (3, N'9911', 1294, 1, CAST(10000.00 AS Decimal(18, 2)), CAST(10000.00 AS Decimal(18, 2)), N'string', N'12738912739081', NULL, N'string', N'string', N'عميل 1', CAST(N'2022-01-31' AS Date), 0, N'admin', CAST(N'2022-03-15' AS Date), 2)\r\n","SET IDENTITY_INSERT [dbo].[DisAcceptOrder] OFF\r\n","GO\r\n"],"metadata":{"urn":"Server[@Name='LAPTOP-A1S3V5JM']/Database[@Name='Kokaz']/Table[@Name='DisAcceptOrder' and @Schema='dbo']","object_type":"Table"}},{"cell_type":"markdown","source":["# [dbo].[Discount]"],"metadata":{"urn":"Server[@Name='LAPTOP-A1S3V5JM']/Database[@Name='Kokaz']/Table[@Name='Discount' and @Schema='dbo']","object_type":"Table"}},{"outputs":[],"execution_count":0,"cell_type":"code","source":["SET IDENTITY_INSERT [dbo].[Discount] ON \r\n","INSERT [dbo].[Discount] ([Id], [Points], [Money], [ClientPaymentId]) VALUES (1, 20, 1000.0000, 1)\r\n","SET IDENTITY_INSERT [dbo].[Discount] OFF\r\n","GO\r\n"],"metadata":{"urn":"Server[@Name='LAPTOP-A1S3V5JM']/Database[@Name='Kokaz']/Table[@Name='Discount' and @Schema='dbo']","object_type":"Table"}},{"cell_type":"markdown","source":["# [dbo].[Group]"],"metadata":{"urn":"Server[@Name='LAPTOP-A1S3V5JM']/Database[@Name='Kokaz']/Table[@Name='Group' and @Schema='dbo']","object_type":"Table"}},{"outputs":[],"execution_count":0,"cell_type":"code","source":["SET IDENTITY_INSERT [dbo].[Group] ON \r\n","INSERT [dbo].[Group] ([Id], [Name]) VALUES (1, N'مجموعة المدراء')\r\n","INSERT [dbo].[Group] ([Id], [Name]) VALUES (9, N'مجموعة تجريب')\r\n","SET IDENTITY_INSERT [dbo].[Group] OFF\r\n","GO\r\n"],"metadata":{"urn":"Server[@Name='LAPTOP-A1S3V5JM']/Database[@Name='Kokaz']/Table[@Name='Group' and @Schema='dbo']","object_type":"Table"}},{"cell_type":"markdown","source":["# [dbo].[GroupPrivilege]"],"metadata":{"urn":"Server[@Name='LAPTOP-A1S3V5JM']/Database[@Name='Kokaz']/Table[@Name='GroupPrivilege' and @Schema='dbo']","object_type":"Table"}},{"outputs":[],"execution_count":0,"cell_type":"code","source":["INSERT [dbo].[GroupPrivilege] ([GroupId], [PrivilegId]) VALUES (1, 1)\r\n","INSERT [dbo].[GroupPrivilege] ([GroupId], [PrivilegId]) VALUES (1, 2)\r\n","INSERT [dbo].[GroupPrivilege] ([GroupId], [PrivilegId]) VALUES (1, 3)\r\n","INSERT [dbo].[GroupPrivilege] ([GroupId], [PrivilegId]) VALUES (1, 4)\r\n","INSERT [dbo].[GroupPrivilege] ([GroupId], [PrivilegId]) VALUES (1, 5)\r\n","INSERT [dbo].[GroupPrivilege] ([GroupId], [PrivilegId]) VALUES (1, 6)\r\n","INSERT [dbo].[GroupPrivilege] ([GroupId], [PrivilegId]) VALUES (1, 7)\r\n","INSERT [dbo].[GroupPrivilege] ([GroupId], [PrivilegId]) VALUES (1, 8)\r\n","INSERT [dbo].[GroupPrivilege] ([GroupId], [PrivilegId]) VALUES (1, 9)\r\n","INSERT [dbo].[GroupPrivilege] ([GroupId], [PrivilegId]) VALUES (1, 10)\r\n","INSERT [dbo].[GroupPrivilege] ([GroupId], [PrivilegId]) VALUES (1, 11)\r\n","INSERT [dbo].[GroupPrivilege] ([GroupId], [PrivilegId]) VALUES (1, 12)\r\n","INSERT [dbo].[GroupPrivilege] ([GroupId], [PrivilegId]) VALUES (1, 13)\r\n","INSERT [dbo].[GroupPrivilege] ([GroupId], [PrivilegId]) VALUES (1, 14)\r\n","INSERT [dbo].[GroupPrivilege] ([GroupId], [PrivilegId]) VALUES (1, 15)\r\n","INSERT [dbo].[GroupPrivilege] ([GroupId], [PrivilegId]) VALUES (1, 16)\r\n","INSERT [dbo].[GroupPrivilege] ([GroupId], [PrivilegId]) VALUES (1, 17)\r\n","INSERT [dbo].[GroupPrivilege] ([GroupId], [PrivilegId]) VALUES (1, 18)\r\n","INSERT [dbo].[GroupPrivilege] ([GroupId], [PrivilegId]) VALUES (1, 19)\r\n","INSERT [dbo].[GroupPrivilege] ([GroupId], [PrivilegId]) VALUES (1, 20)\r\n","INSERT [dbo].[GroupPrivilege] ([GroupId], [PrivilegId]) VALUES (1, 21)\r\n","INSERT [dbo].[GroupPrivilege] ([GroupId], [PrivilegId]) VALUES (1, 22)\r\n","INSERT [dbo].[GroupPrivilege] ([GroupId], [PrivilegId]) VALUES (1, 23)\r\n","INSERT [dbo].[GroupPrivilege] ([GroupId], [PrivilegId]) VALUES (1, 24)\r\n","INSERT [dbo].[GroupPrivilege] ([GroupId], [PrivilegId]) VALUES (1, 25)\r\n","INSERT [dbo].[GroupPrivilege] ([GroupId], [PrivilegId]) VALUES (1, 26)\r\n","INSERT [dbo].[GroupPrivilege] ([GroupId], [PrivilegId]) VALUES (1, 27)\r\n","INSERT [dbo].[GroupPrivilege] ([GroupId], [PrivilegId]) VALUES (1, 28)\r\n","INSERT [dbo].[GroupPrivilege] ([GroupId], [PrivilegId]) VALUES (1, 29)\r\n","INSERT [dbo].[GroupPrivilege] ([GroupId], [PrivilegId]) VALUES (1, 30)\r\n","INSERT [dbo].[GroupPrivilege] ([GroupId], [PrivilegId]) VALUES (1, 31)\r\n","INSERT [dbo].[GroupPrivilege] ([GroupId], [PrivilegId]) VALUES (1, 33)\r\n","INSERT [dbo].[GroupPrivilege] ([GroupId], [PrivilegId]) VALUES (1, 34)\r\n","INSERT [dbo].[GroupPrivilege] ([GroupId], [PrivilegId]) VALUES (1, 35)\r\n","INSERT [dbo].[GroupPrivilege] ([GroupId], [PrivilegId]) VALUES (1, 36)\r\n","INSERT [dbo].[GroupPrivilege] ([GroupId], [PrivilegId]) VALUES (1, 37)\r\n","INSERT [dbo].[GroupPrivilege] ([GroupId], [PrivilegId]) VALUES (1, 38)\r\n","INSERT [dbo].[GroupPrivilege] ([GroupId], [PrivilegId]) VALUES (1, 39)\r\n","INSERT [dbo].[GroupPrivilege] ([GroupId], [PrivilegId]) VALUES (1, 40)\r\n","INSERT [dbo].[GroupPrivilege] ([GroupId], [PrivilegId]) VALUES (1, 41)\r\n","INSERT [dbo].[GroupPrivilege] ([GroupId], [PrivilegId]) VALUES (1, 42)\r\n","INSERT [dbo].[GroupPrivilege] ([GroupId], [PrivilegId]) VALUES (1, 43)\r\n","INSERT [dbo].[GroupPrivilege] ([GroupId], [PrivilegId]) VALUES (1, 44)\r\n","INSERT [dbo].[GroupPrivilege] ([GroupId], [PrivilegId]) VALUES (1, 45)\r\n","INSERT [dbo].[GroupPrivilege] ([GroupId], [PrivilegId]) VALUES (1, 46)\r\n","INSERT [dbo].[GroupPrivilege] ([GroupId], [PrivilegId]) VALUES (1, 47)\r\n","INSERT [dbo].[GroupPrivilege] ([GroupId], [PrivilegId]) VALUES (1, 48)\r\n","INSERT [dbo].[GroupPrivilege] ([GroupId], [PrivilegId]) VALUES (1, 49)\r\n","INSERT [dbo].[GroupPrivilege] ([GroupId], [PrivilegId]) VALUES (1, 50)\r\n","INSERT [dbo].[GroupPrivilege] ([GroupId], [PrivilegId]) VALUES (1, 51)\r\n","INSERT [dbo].[GroupPrivilege] ([GroupId], [PrivilegId]) VALUES (1, 52)\r\n","INSERT [dbo].[GroupPrivilege] ([GroupId], [PrivilegId]) VALUES (1, 53)\r\n","INSERT [dbo].[GroupPrivilege] ([GroupId], [PrivilegId]) VALUES (1, 54)\r\n","INSERT [dbo].[GroupPrivilege] ([GroupId], [PrivilegId]) VALUES (1, 55)\r\n","INSERT [dbo].[GroupPrivilege] ([GroupId], [PrivilegId]) VALUES (1, 56)\r\n","INSERT [dbo].[GroupPrivilege] ([GroupId], [PrivilegId]) VALUES (1, 57)\r\n","INSERT [dbo].[GroupPrivilege] ([GroupId], [PrivilegId]) VALUES (1, 58)\r\n","INSERT [dbo].[GroupPrivilege] ([GroupId], [PrivilegId]) VALUES (1, 59)\r\n","INSERT [dbo].[GroupPrivilege] ([GroupId], [PrivilegId]) VALUES (1, 60)\r\n","INSERT [dbo].[GroupPrivilege] ([GroupId], [PrivilegId]) VALUES (1, 61)\r\n","INSERT [dbo].[GroupPrivilege] ([GroupId], [PrivilegId]) VALUES (1, 62)\r\n","INSERT [dbo].[GroupPrivilege] ([GroupId], [PrivilegId]) VALUES (1, 63)\r\n","INSERT [dbo].[GroupPrivilege] ([GroupId], [PrivilegId]) VALUES (1, 64)\r\n","INSERT [dbo].[GroupPrivilege] ([GroupId], [PrivilegId]) VALUES (9, 1)\r\n","INSERT [dbo].[GroupPrivilege] ([GroupId], [PrivilegId]) VALUES (9, 2)\r\n","INSERT [dbo].[GroupPrivilege] ([GroupId], [PrivilegId]) VALUES (9, 3)\r\n","INSERT [dbo].[GroupPrivilege] ([GroupId], [PrivilegId]) VALUES (9, 4)\r\n","INSERT [dbo].[GroupPrivilege] ([GroupId], [PrivilegId]) VALUES (9, 5)\r\n","GO\r\n"],"metadata":{"urn":"Server[@Name='LAPTOP-A1S3V5JM']/Database[@Name='Kokaz']/Table[@Name='GroupPrivilege' and @Schema='dbo']","object_type":"Table"}},{"cell_type":"markdown","source":["# [dbo].[Income]"],"metadata":{"urn":"Server[@Name='LAPTOP-A1S3V5JM']/Database[@Name='Kokaz']/Table[@Name='Income' and @Schema='dbo']","object_type":"Table"}},{"outputs":[],"execution_count":0,"cell_type":"code","source":["SET IDENTITY_INSERT [dbo].[Income] ON \r\n","INSERT [dbo].[Income] ([Id], [Amount], [Date], [Earining], [Note], [userId], [IncomeTypeId], [BranchId]) VALUES (1, CAST(22.00 AS Decimal(18, 2)), CAST(N'2022-05-05' AS Date), CAST(6.00 AS Decimal(18, 2)), N'يسنمبتايسنت', 65, 5, 2)\r\n","INSERT [dbo].[Income] ([Id], [Amount], [Date], [Earining], [Note], [userId], [IncomeTypeId], [BranchId]) VALUES (2, CAST(18.00 AS Decimal(18, 2)), CAST(N'2022-04-30' AS Date), CAST(4.00 AS Decimal(18, 2)), N'ميسابهع', 65, 4, 2)\r\n","INSERT [dbo].[Income] ([Id], [Amount], [Date], [Earining], [Note], [userId], [IncomeTypeId], [BranchId]) VALUES (3, CAST(14.00 AS Decimal(18, 2)), CAST(N'2022-05-04' AS Date), CAST(4.00 AS Decimal(18, 2)), N'ينبنتيسن', 65, 4, 2)\r\n","INSERT [dbo].[Income] ([Id], [Amount], [Date], [Earining], [Note], [userId], [IncomeTypeId], [BranchId]) VALUES (4, CAST(13132.00 AS Decimal(18, 2)), CAST(N'2022-05-10' AS Date), CAST(10.00 AS Decimal(18, 2)), NULL, 65, 1002, 2)\r\n","INSERT [dbo].[Income] ([Id], [Amount], [Date], [Earining], [Note], [userId], [IncomeTypeId], [BranchId]) VALUES (5, CAST(25000.00 AS Decimal(18, 2)), CAST(N'2022-05-10' AS Date), CAST(250.00 AS Decimal(18, 2)), N';lkdssa', 65, 4, 2)\r\n","INSERT [dbo].[Income] ([Id], [Amount], [Date], [Earining], [Note], [userId], [IncomeTypeId], [BranchId]) VALUES (6, CAST(10000.00 AS Decimal(18, 2)), CAST(N'2022-05-04' AS Date), CAST(150.00 AS Decimal(18, 2)), N'dscsad', 65, 1002, 2)\r\n","INSERT [dbo].[Income] ([Id], [Amount], [Date], [Earining], [Note], [userId], [IncomeTypeId], [BranchId]) VALUES (7, CAST(1050.00 AS Decimal(18, 2)), CAST(N'2022-05-20' AS Date), CAST(8464.00 AS Decimal(18, 2)), N'سيبسي', 65, 5, 2)\r\n","SET IDENTITY_INSERT [dbo].[Income] OFF\r\n","GO\r\n"],"metadata":{"urn":"Server[@Name='LAPTOP-A1S3V5JM']/Database[@Name='Kokaz']/Table[@Name='Income' and @Schema='dbo']","object_type":"Table"}},{"cell_type":"markdown","source":["# [dbo].[IncomeType]"],"metadata":{"urn":"Server[@Name='LAPTOP-A1S3V5JM']/Database[@Name='Kokaz']/Table[@Name='IncomeType' and @Schema='dbo']","object_type":"Table"}},{"outputs":[],"execution_count":0,"cell_type":"code","source":["SET IDENTITY_INSERT [dbo].[IncomeType] ON \r\n","INSERT [dbo].[IncomeType] ([Id], [Name]) VALUES (4, N'type 4')\r\n","INSERT [dbo].[IncomeType] ([Id], [Name]) VALUES (5, N'typee 3')\r\n","INSERT [dbo].[IncomeType] ([Id], [Name]) VALUES (1002, N'Type 3')\r\n","SET IDENTITY_INSERT [dbo].[IncomeType] OFF\r\n","GO\r\n"],"metadata":{"urn":"Server[@Name='LAPTOP-A1S3V5JM']/Database[@Name='Kokaz']/Table[@Name='IncomeType' and @Schema='dbo']","object_type":"Table"}},{"cell_type":"markdown","source":["# [dbo].[MoenyPlaced]"],"metadata":{"urn":"Server[@Name='LAPTOP-A1S3V5JM']/Database[@Name='Kokaz']/Table[@Name='MoenyPlaced' and @Schema='dbo']","object_type":"Table"}},{"outputs":[],"execution_count":0,"cell_type":"code","source":["INSERT [dbo].[MoenyPlaced] ([Id], [Name]) VALUES (1, N'خارج الشركة')\r\n","INSERT [dbo].[MoenyPlaced] ([Id], [Name]) VALUES (2, N'مندوب')\r\n","INSERT [dbo].[MoenyPlaced] ([Id], [Name]) VALUES (3, N'داخل الشركة')\r\n","INSERT [dbo].[MoenyPlaced] ([Id], [Name]) VALUES (4, N'تم تسليمها')\r\n","GO\r\n"],"metadata":{"urn":"Server[@Name='LAPTOP-A1S3V5JM']/Database[@Name='Kokaz']/Table[@Name='MoenyPlaced' and @Schema='dbo']","object_type":"Table"}},{"cell_type":"markdown","source":["# [dbo].[Notfication]"],"metadata":{"urn":"Server[@Name='LAPTOP-A1S3V5JM']/Database[@Name='Kokaz']/Table[@Name='Notfication' and @Schema='dbo']","object_type":"Table"}},{"outputs":[],"execution_count":0,"cell_type":"code","source":["SET IDENTITY_INSERT [dbo].[Notfication] ON \r\n","INSERT [dbo].[Notfication] ([Id], [ClientId], [Note], [OrderCount], [OrderPlacedId], [MoneyPlacedId], [IsSeen]) VALUES (1317, 2296, N'الطلب 9 اصبح مرتجع كلي و موقع المبلغ  داخل الشركة', NULL, NULL, NULL, 0)\r\n","INSERT [dbo].[Notfication] ([Id], [ClientId], [Note], [OrderCount], [OrderPlacedId], [MoneyPlacedId], [IsSeen]) VALUES (1318, 2296, NULL, 1, 5, 3, 0)\r\n","INSERT [dbo].[Notfication] ([Id], [ClientId], [Note], [OrderCount], [OrderPlacedId], [MoneyPlacedId], [IsSeen]) VALUES (1319, 2297, N'الطلب 10 اصبح تم التسليم و موقع المبلغ  داخل الشركة', NULL, NULL, NULL, 0)\r\n","INSERT [dbo].[Notfication] ([Id], [ClientId], [Note], [OrderCount], [OrderPlacedId], [MoneyPlacedId], [IsSeen]) VALUES (1320, 2297, NULL, 1, 4, 3, 0)\r\n","INSERT [dbo].[Notfication] ([Id], [ClientId], [Note], [OrderCount], [OrderPlacedId], [MoneyPlacedId], [IsSeen]) VALUES (1321, 2297, N'تم تسديدك برقم 2', NULL, NULL, NULL, 0)\r\n","INSERT [dbo].[Notfication] ([Id], [ClientId], [Note], [OrderCount], [OrderPlacedId], [MoneyPlacedId], [IsSeen]) VALUES (1322, 2296, N'الطلب 10 اصبح تم التسليم و موقع المبلغ  تم تسليمها', NULL, NULL, NULL, 0)\r\n","INSERT [dbo].[Notfication] ([Id], [ClientId], [Note], [OrderCount], [OrderPlacedId], [MoneyPlacedId], [IsSeen]) VALUES (1323, 2294, N'تم تسديدك برقم 3', NULL, NULL, NULL, 0)\r\n","INSERT [dbo].[Notfication] ([Id], [ClientId], [Note], [OrderCount], [OrderPlacedId], [MoneyPlacedId], [IsSeen]) VALUES (1324, 2296, N'تم تسديدك برقم 4', NULL, NULL, NULL, 0)\r\n","INSERT [dbo].[Notfication] ([Id], [ClientId], [Note], [OrderCount], [OrderPlacedId], [MoneyPlacedId], [IsSeen]) VALUES (1325, 2296, N'الطلب 3 اصبح تم التسليم و موقع المبلغ  تم تسليمها', NULL, NULL, NULL, 0)\r\n","INSERT [dbo].[Notfication] ([Id], [ClientId], [Note], [OrderCount], [OrderPlacedId], [MoneyPlacedId], [IsSeen]) VALUES (1326, 2297, N'تم تسديدك برقم 5', NULL, NULL, NULL, 0)\r\n","INSERT [dbo].[Notfication] ([Id], [ClientId], [Note], [OrderCount], [OrderPlacedId], [MoneyPlacedId], [IsSeen]) VALUES (1327, 2297, N'تم تسديدك برقم 6', NULL, NULL, NULL, 0)\r\n","INSERT [dbo].[Notfication] ([Id], [ClientId], [Note], [OrderCount], [OrderPlacedId], [MoneyPlacedId], [IsSeen]) VALUES (1328, 2297, N'تم تسديدك برقم 7', NULL, NULL, NULL, 0)\r\n","INSERT [dbo].[Notfication] ([Id], [ClientId], [Note], [OrderCount], [OrderPlacedId], [MoneyPlacedId], [IsSeen]) VALUES (1329, 2297, N'تم تسديدك برقم 8', NULL, NULL, NULL, 0)\r\n","INSERT [dbo].[Notfication] ([Id], [ClientId], [Note], [OrderCount], [OrderPlacedId], [MoneyPlacedId], [IsSeen]) VALUES (1330, 2297, N'تم تسديدك برقم 9', NULL, NULL, NULL, 0)\r\n","INSERT [dbo].[Notfication] ([Id], [ClientId], [Note], [OrderCount], [OrderPlacedId], [MoneyPlacedId], [IsSeen]) VALUES (1331, 2297, N'الطلب 500 اصبح تم التسليم و موقع المبلغ  تم تسليمها', NULL, NULL, NULL, 0)\r\n","INSERT [dbo].[Notfication] ([Id], [ClientId], [Note], [OrderCount], [OrderPlacedId], [MoneyPlacedId], [IsSeen]) VALUES (1332, 2297, N'تم تسديدك برقم 10', NULL, NULL, NULL, 0)\r\n","INSERT [dbo].[Notfication] ([Id], [ClientId], [Note], [OrderCount], [OrderPlacedId], [MoneyPlacedId], [IsSeen]) VALUES (1333, 2297, N'تم تسديدك برقم 11', NULL, NULL, NULL, 0)\r\n","INSERT [dbo].[Notfication] ([Id], [ClientId], [Note], [OrderCount], [OrderPlacedId], [MoneyPlacedId], [IsSeen]) VALUES (1334, 2297, N'تم تسديدك برقم 12', NULL, NULL, NULL, 0)\r\n","INSERT [dbo].[Notfication] ([Id], [ClientId], [Note], [OrderCount], [OrderPlacedId], [MoneyPlacedId], [IsSeen]) VALUES (1335, 2294, N'تم تسديدك برقم 13', NULL, NULL, NULL, 0)\r\n","INSERT [dbo].[Notfication] ([Id], [ClientId], [Note], [OrderCount], [OrderPlacedId], [MoneyPlacedId], [IsSeen]) VALUES (1336, 2294, N'تم تسديدك برقم 14', NULL, NULL, NULL, 0)\r\n","SET IDENTITY_INSERT [dbo].[Notfication] OFF\r\n","GO\r\n"],"metadata":{"urn":"Server[@Name='LAPTOP-A1S3V5JM']/Database[@Name='Kokaz']/Table[@Name='Notfication' and @Schema='dbo']","object_type":"Table"}},{"cell_type":"markdown","source":["# [dbo].[OrderFromExcel]"],"metadata":{"urn":"Server[@Name='LAPTOP-A1S3V5JM']/Database[@Name='Kokaz']/Table[@Name='OrderFromExcel' and @Schema='dbo']","object_type":"Table"}},{"outputs":[],"execution_count":0,"cell_type":"code","source":["SET IDENTITY_INSERT [dbo].[OrderFromExcel] ON \r\n","INSERT [dbo].[OrderFromExcel] ([Id], [Code], [RecipientName], [Country], [Cost], [Address], [Phone], [Note], [ClientId], [CreateDate]) VALUES (33, N'222757', N'علي قحطان', N'بابل', CAST(20000.00 AS Decimal(18, 2)), N'بابل الحلة شارع 80 حي عسكري', N'7824200822', N'مشد القدم', 2294, CAST(N'2022-04-13' AS Date))\r\n","INSERT [dbo].[OrderFromExcel] ([Id], [Code], [RecipientName], [Country], [Cost], [Address], [Phone], [Note], [ClientId], [CreateDate]) VALUES (34, N'222756', N'ام احمد', N'بغداد ', CAST(21000.00 AS Decimal(18, 2)), N'بغداد الشعب', N'7717053095', N'مشد القدم', 2294, CAST(N'2022-04-13' AS Date))\r\n","INSERT [dbo].[OrderFromExcel] ([Id], [Code], [RecipientName], [Country], [Cost], [Address], [Phone], [Note], [ClientId], [CreateDate]) VALUES (35, N'222755', N'شيرين', N'بغداد ', CAST(21000.00 AS Decimal(18, 2)), N'بغداد الغدير ساحة ميسلون', N'7714219835', N'مشد القدم', 2294, CAST(N'2022-04-13' AS Date))\r\n","INSERT [dbo].[OrderFromExcel] ([Id], [Code], [RecipientName], [Country], [Cost], [Address], [Phone], [Note], [ClientId], [CreateDate]) VALUES (36, N'222754', N'ابو علي', N'النجف', CAST(40000.00 AS Decimal(18, 2)), N'النجف طريق كربلاء عموري 174', N'7819437294', N'طارد الحشرات -كفوف الجلي', 2294, CAST(N'2022-04-13' AS Date))\r\n","INSERT [dbo].[OrderFromExcel] ([Id], [Code], [RecipientName], [Country], [Cost], [Address], [Phone], [Note], [ClientId], [CreateDate]) VALUES (37, N'222753', N'علي', N'النجف', CAST(20000.00 AS Decimal(18, 2)), N'النجف طريق النجف وكربلاء عمود 605', N'7500859057', N'طارد الحشرات', 2294, CAST(N'2022-04-13' AS Date))\r\n","INSERT [dbo].[OrderFromExcel] ([Id], [Code], [RecipientName], [Country], [Cost], [Address], [Phone], [Note], [ClientId], [CreateDate]) VALUES (38, N'222752', N'ابو ملاك', N'بصره', CAST(25000.00 AS Decimal(18, 2)), N'البصرة القرنة قرب كراج الموحد', N'7707023733', N'طارد الحشرات', 2294, CAST(N'2022-04-13' AS Date))\r\n","INSERT [dbo].[OrderFromExcel] ([Id], [Code], [RecipientName], [Country], [Cost], [Address], [Phone], [Note], [ClientId], [CreateDate]) VALUES (39, N'222751', N'رجل', N'بغداد ', CAST(20000.00 AS Decimal(18, 2)), N'بغداد الزعفرانية', N'7716050228', N'طارد الحشرات', 2294, CAST(N'2022-04-13' AS Date))\r\n","INSERT [dbo].[OrderFromExcel] ([Id], [Code], [RecipientName], [Country], [Cost], [Address], [Phone], [Note], [ClientId], [CreateDate]) VALUES (40, N'222750', N'محمد فوزي', N'بصره', CAST(87000.00 AS Decimal(18, 2)), N'بصرة قضاء المدينة الشروق', N'7725404210', N'حزام فقررات الظهر', 2294, CAST(N'2022-04-13' AS Date))\r\n","INSERT [dbo].[OrderFromExcel] ([Id], [Code], [RecipientName], [Country], [Cost], [Address], [Phone], [Note], [ClientId], [CreateDate]) VALUES (41, N'222749', N'معن سالم', N'موصل ', CAST(95000.00 AS Decimal(18, 2)), N'الموصل حي الحدباء', N'7508874439', N'حزام فقرات الظهر - وسادة الرقبة الهوائية', 2294, CAST(N'2022-04-13' AS Date))\r\n","INSERT [dbo].[OrderFromExcel] ([Id], [Code], [RecipientName], [Country], [Cost], [Address], [Phone], [Note], [ClientId], [CreateDate]) VALUES (42, N'222748', N'رحيم', N'بغداد ', CAST(100000.00 AS Decimal(18, 2)), N'بغداد الكاظمية', N'7710053072', N'حزام فقرات الظهر- كعب زيادة الطول', 2294, CAST(N'2022-04-13' AS Date))\r\n","INSERT [dbo].[OrderFromExcel] ([Id], [Code], [RecipientName], [Country], [Cost], [Address], [Phone], [Note], [ClientId], [CreateDate]) VALUES (43, N'222747', N'نوال حازم', N'موصل', CAST(87000.00 AS Decimal(18, 2)), N'موصل \\ الموصل الجديدة فرع البو سالم', N'7740870584', N'حزام فقرات الظهر', 2294, CAST(N'2022-04-13' AS Date))\r\n","INSERT [dbo].[OrderFromExcel] ([Id], [Code], [RecipientName], [Country], [Cost], [Address], [Phone], [Note], [ClientId], [CreateDate]) VALUES (44, N'222746', N'محمد علي', N'بغداد ', CAST(25000.00 AS Decimal(18, 2)), N'بغداد الكرخ ابو غريب', N'7816800158', N'حبل رياضة المعدني', 2294, CAST(N'2022-04-13' AS Date))\r\n","INSERT [dbo].[OrderFromExcel] ([Id], [Code], [RecipientName], [Country], [Cost], [Address], [Phone], [Note], [ClientId], [CreateDate]) VALUES (45, N'222763', N'عمر احمد', N'تكريت', CAST(25000.00 AS Decimal(18, 2)), N'تكريت قضاء العلم', N'7821731110', N'مشد سليم ليفت قياس m', 2294, CAST(N'2022-04-13' AS Date))\r\n","INSERT [dbo].[OrderFromExcel] ([Id], [Code], [RecipientName], [Country], [Cost], [Address], [Phone], [Note], [ClientId], [CreateDate]) VALUES (46, N'222764', N'علي', N'المثنى', CAST(47000.00 AS Decimal(18, 2)), N'المثنى السماوة شارع الجسر مقابل مدرسة الرشيد', N'7710033339', N'ميزان الكتروني', 2294, CAST(N'2022-04-13' AS Date))\r\n","SET IDENTITY_INSERT [dbo].[OrderFromExcel] OFF\r\n","GO\r\n"],"metadata":{"urn":"Server[@Name='LAPTOP-A1S3V5JM']/Database[@Name='Kokaz']/Table[@Name='OrderFromExcel' and @Schema='dbo']","object_type":"Table"}},{"cell_type":"markdown","source":["# [dbo].[OrderPlaced]"],"metadata":{"urn":"Server[@Name='LAPTOP-A1S3V5JM']/Database[@Name='Kokaz']/Table[@Name='OrderPlaced' and @Schema='dbo']","object_type":"Table"}},{"outputs":[],"execution_count":0,"cell_type":"code","source":["INSERT [dbo].[OrderPlaced] ([Id], [Name]) VALUES (1, N'عند العميل')\r\n","INSERT [dbo].[OrderPlaced] ([Id], [Name]) VALUES (2, N'في المخزن')\r\n","INSERT [dbo].[OrderPlaced] ([Id], [Name]) VALUES (3, N'في الطريق')\r\n","INSERT [dbo].[OrderPlaced] ([Id], [Name]) VALUES (4, N'تم التسليم')\r\n","INSERT [dbo].[OrderPlaced] ([Id], [Name]) VALUES (5, N'مرتجع كلي')\r\n","INSERT [dbo].[OrderPlaced] ([Id], [Name]) VALUES (6, N'مرتجع جزئي')\r\n","INSERT [dbo].[OrderPlaced] ([Id], [Name]) VALUES (7, N'مرفوض')\r\n","INSERT [dbo].[OrderPlaced] ([Id], [Name]) VALUES (8, N'مؤجل')\r\n","GO\r\n"],"metadata":{"urn":"Server[@Name='LAPTOP-A1S3V5JM']/Database[@Name='Kokaz']/Table[@Name='OrderPlaced' and @Schema='dbo']","object_type":"Table"}},{"cell_type":"markdown","source":["# [dbo].[OrderState]"],"metadata":{"urn":"Server[@Name='LAPTOP-A1S3V5JM']/Database[@Name='Kokaz']/Table[@Name='OrderState' and @Schema='dbo']","object_type":"Table"}},{"outputs":[],"execution_count":0,"cell_type":"code","source":["INSERT [dbo].[OrderState] ([Id], [State]) VALUES (1, N'قيد المعالجة')\r\n","INSERT [dbo].[OrderState] ([Id], [State]) VALUES (2, N'يحب اخذ النقود من العميل')\r\n","INSERT [dbo].[OrderState] ([Id], [State]) VALUES (3, N'منتهية')\r\n","GO\r\n"],"metadata":{"urn":"Server[@Name='LAPTOP-A1S3V5JM']/Database[@Name='Kokaz']/Table[@Name='OrderState' and @Schema='dbo']","object_type":"Table"}},{"cell_type":"markdown","source":["# [dbo].[OrderType]"],"metadata":{"urn":"Server[@Name='LAPTOP-A1S3V5JM']/Database[@Name='Kokaz']/Table[@Name='OrderType' and @Schema='dbo']","object_type":"Table"}},{"outputs":[],"execution_count":0,"cell_type":"code","source":["SET IDENTITY_INSERT [dbo].[OrderType] ON \r\n","INSERT [dbo].[OrderType] ([Id], [Name], [BranchId]) VALUES (1, N'نيسبنتيس', 3)\r\n","SET IDENTITY_INSERT [dbo].[OrderType] OFF\r\n","GO\r\n"],"metadata":{"urn":"Server[@Name='LAPTOP-A1S3V5JM']/Database[@Name='Kokaz']/Table[@Name='OrderType' and @Schema='dbo']","object_type":"Table"}},{"cell_type":"markdown","source":["# [dbo].[OutCome]"],"metadata":{"urn":"Server[@Name='LAPTOP-A1S3V5JM']/Database[@Name='Kokaz']/Table[@Name='OutCome' and @Schema='dbo']","object_type":"Table"}},{"outputs":[],"execution_count":0,"cell_type":"code","source":["SET IDENTITY_INSERT [dbo].[OutCome] ON \r\n","INSERT [dbo].[OutCome] ([Id], [Amount], [Date], [Reason], [Note], [userId], [OutComeTypeId], [BranchId]) VALUES (1, CAST(10.00 AS Decimal(18, 2)), CAST(N'2022-05-12' AS Date), N'مهتصهبص', N'هعاسيهعب', 65, 1, 2)\r\n","INSERT [dbo].[OutCome] ([Id], [Amount], [Date], [Reason], [Note], [userId], [OutComeTypeId], [BranchId]) VALUES (2, CAST(4.00 AS Decimal(18, 2)), CAST(N'2022-05-11' AS Date), N'يسبمنمتيس', N'نمتسينبت', 65, 2, 2)\r\n","INSERT [dbo].[OutCome] ([Id], [Amount], [Date], [Reason], [Note], [userId], [OutComeTypeId], [BranchId]) VALUES (3, CAST(17.00 AS Decimal(18, 2)), CAST(N'2022-05-19' AS Date), N'نتشستينس', N'نتشسشيتن', 65, 1, 2)\r\n","INSERT [dbo].[OutCome] ([Id], [Amount], [Date], [Reason], [Note], [userId], [OutComeTypeId], [BranchId]) VALUES (4, CAST(15000.00 AS Decimal(18, 2)), CAST(N'2022-05-04' AS Date), N'alskldjsk', N'jkasdj', 65, 1, 2)\r\n","INSERT [dbo].[OutCome] ([Id], [Amount], [Date], [Reason], [Note], [userId], [OutComeTypeId], [BranchId]) VALUES (5, CAST(10000.00 AS Decimal(18, 2)), CAST(N'2022-05-21' AS Date), N'dfdsf', N'sdis', 65, 1, 2)\r\n","SET IDENTITY_INSERT [dbo].[OutCome] OFF\r\n","GO\r\n"],"metadata":{"urn":"Server[@Name='LAPTOP-A1S3V5JM']/Database[@Name='Kokaz']/Table[@Name='OutCome' and @Schema='dbo']","object_type":"Table"}},{"cell_type":"markdown","source":["# [dbo].[OutComeType]"],"metadata":{"urn":"Server[@Name='LAPTOP-A1S3V5JM']/Database[@Name='Kokaz']/Table[@Name='OutComeType' and @Schema='dbo']","object_type":"Table"}},{"outputs":[],"execution_count":0,"cell_type":"code","source":["SET IDENTITY_INSERT [dbo].[OutComeType] ON \r\n","INSERT [dbo].[OutComeType] ([Id], [Name]) VALUES (1, N'نوع 1 شسيش')\r\n","INSERT [dbo].[OutComeType] ([Id], [Name]) VALUES (2, N'نوع 2')\r\n","SET IDENTITY_INSERT [dbo].[OutComeType] OFF\r\n","GO\r\n"],"metadata":{"urn":"Server[@Name='LAPTOP-A1S3V5JM']/Database[@Name='Kokaz']/Table[@Name='OutComeType' and @Schema='dbo']","object_type":"Table"}},{"cell_type":"markdown","source":["# [dbo].[PaymentRequest]"],"metadata":{"urn":"Server[@Name='LAPTOP-A1S3V5JM']/Database[@Name='Kokaz']/Table[@Name='PaymentRequest' and @Schema='dbo']","object_type":"Table"}},{"outputs":[],"execution_count":0,"cell_type":"code","source":["SET IDENTITY_INSERT [dbo].[PaymentRequest] ON \r\n","INSERT [dbo].[PaymentRequest] ([Id], [ClientId], [PaymentWayId], [Note], [Accept], [CreateDate], [BranchId]) VALUES (5, 1294, 6, N'czxc', NULL, CAST(N'2022-01-31' AS Date), 2)\r\n","SET IDENTITY_INSERT [dbo].[PaymentRequest] OFF\r\n","GO\r\n"],"metadata":{"urn":"Server[@Name='LAPTOP-A1S3V5JM']/Database[@Name='Kokaz']/Table[@Name='PaymentRequest' and @Schema='dbo']","object_type":"Table"}},{"cell_type":"markdown","source":["# [dbo].[PaymentWay]"],"metadata":{"urn":"Server[@Name='LAPTOP-A1S3V5JM']/Database[@Name='Kokaz']/Table[@Name='PaymentWay' and @Schema='dbo']","object_type":"Table"}},{"outputs":[],"execution_count":0,"cell_type":"code","source":["SET IDENTITY_INSERT [dbo].[PaymentWay] ON \r\n","INSERT [dbo].[PaymentWay] ([Id], [Name], [BranchId]) VALUES (6, N'PayPal', 2)\r\n","SET IDENTITY_INSERT [dbo].[PaymentWay] OFF\r\n","GO\r\n"],"metadata":{"urn":"Server[@Name='LAPTOP-A1S3V5JM']/Database[@Name='Kokaz']/Table[@Name='PaymentWay' and @Schema='dbo']","object_type":"Table"}},{"cell_type":"markdown","source":["# [dbo].[PointsSetting]"],"metadata":{"urn":"Server[@Name='LAPTOP-A1S3V5JM']/Database[@Name='Kokaz']/Table[@Name='PointsSetting' and @Schema='dbo']","object_type":"Table"}},{"outputs":[],"execution_count":0,"cell_type":"code","source":["SET IDENTITY_INSERT [dbo].[PointsSetting] ON \r\n","INSERT [dbo].[PointsSetting] ([Id], [Points], [Money], [BranchId]) VALUES (1, 20, 1000.0000, 2)\r\n","INSERT [dbo].[PointsSetting] ([Id], [Points], [Money], [BranchId]) VALUES (2, 150, 100.0000, 3)\r\n","SET IDENTITY_INSERT [dbo].[PointsSetting] OFF\r\n","GO\r\n"],"metadata":{"urn":"Server[@Name='LAPTOP-A1S3V5JM']/Database[@Name='Kokaz']/Table[@Name='PointsSetting' and @Schema='dbo']","object_type":"Table"}},{"cell_type":"markdown","source":["# [dbo].[Privilege]"],"metadata":{"urn":"Server[@Name='LAPTOP-A1S3V5JM']/Database[@Name='Kokaz']/Table[@Name='Privilege' and @Schema='dbo']","object_type":"Table"}},{"outputs":[],"execution_count":0,"cell_type":"code","source":["INSERT [dbo].[Privilege] ([Id], [Name], [SysName]) VALUES (1, N'عرض المجموعات', N'ShowGroup')\r\n","INSERT [dbo].[Privilege] ([Id], [Name], [SysName]) VALUES (2, N'إضافة مجموعات', N'AddGroup')\r\n","INSERT [dbo].[Privilege] ([Id], [Name], [SysName]) VALUES (3, N'التعديل على المجموعات', N'EditGroup')\r\n","INSERT [dbo].[Privilege] ([Id], [Name], [SysName]) VALUES (4, N'حذف مجموعات', N'DeleteGroup')\r\n","INSERT [dbo].[Privilege] ([Id], [Name], [SysName]) VALUES (5, N'عرض الموظفين', N'ShowUser')\r\n","INSERT [dbo].[Privilege] ([Id], [Name], [SysName]) VALUES (6, N'إضافة موظفين', N'AddUser')\r\n","INSERT [dbo].[Privilege] ([Id], [Name], [SysName]) VALUES (7, N'تعديل الموظفين', N'EditUser')\r\n","INSERT [dbo].[Privilege] ([Id], [Name], [SysName]) VALUES (8, N'حذف موظفين', N'DeleteUser')\r\n","INSERT [dbo].[Privilege] ([Id], [Name], [SysName]) VALUES (9, N'عرض انواع الطلبات', N'ShowOrderType')\r\n","INSERT [dbo].[Privilege] ([Id], [Name], [SysName]) VALUES (10, N'إضافة انواع الطلبات', N'AddOrderType')\r\n","INSERT [dbo].[Privilege] ([Id], [Name], [SysName]) VALUES (11, N'تعديل انواع الطلبات', N'EditOrderType')\r\n","INSERT [dbo].[Privilege] ([Id], [Name], [SysName]) VALUES (12, N'حذف انواع الطلبات', N'DeleteOrderType')\r\n","INSERT [dbo].[Privilege] ([Id], [Name], [SysName]) VALUES (13, N'عرض المدن', N'ShowCountry')\r\n","INSERT [dbo].[Privilege] ([Id], [Name], [SysName]) VALUES (14, N'إضافة المدن', N'AddCountry')\r\n","INSERT [dbo].[Privilege] ([Id], [Name], [SysName]) VALUES (15, N'تعديل المدن', N'EditCountry')\r\n","INSERT [dbo].[Privilege] ([Id], [Name], [SysName]) VALUES (16, N'حذف المدن', N'DeleteCountry')\r\n","INSERT [dbo].[Privilege] ([Id], [Name], [SysName]) VALUES (17, N'إضافة منطقة', N'AddRegion')\r\n","INSERT [dbo].[Privilege] ([Id], [Name], [SysName]) VALUES (18, N'تعديل منطقة', N'EditRegion')\r\n","INSERT [dbo].[Privilege] ([Id], [Name], [SysName]) VALUES (19, N'عرض المناطق', N'ShowRegion')\r\n","INSERT [dbo].[Privilege] ([Id], [Name], [SysName]) VALUES (20, N'حذف منقطة', N'DeleteRegion')\r\n","INSERT [dbo].[Privilege] ([Id], [Name], [SysName]) VALUES (21, N'إضافة عملاء', N'AddClient')\r\n","INSERT [dbo].[Privilege] ([Id], [Name], [SysName]) VALUES (22, N'عرض العملاء', N'ShowClient')\r\n","INSERT [dbo].[Privilege] ([Id], [Name], [SysName]) VALUES (23, N'تعديل العملاء', N'UpdateClient')\r\n","INSERT [dbo].[Privilege] ([Id], [Name], [SysName]) VALUES (24, N'حذف العملاء', N'DeleteClient')\r\n","INSERT [dbo].[Privilege] ([Id], [Name], [SysName]) VALUES (25, N'عرض العملات', N'ShowCurrency')\r\n","INSERT [dbo].[Privilege] ([Id], [Name], [SysName]) VALUES (26, N'إضافة عملات', N'AddCurrency')\r\n","INSERT [dbo].[Privilege] ([Id], [Name], [SysName]) VALUES (27, N'تعديل العملات', N'UpdateCurrency')\r\n","INSERT [dbo].[Privilege] ([Id], [Name], [SysName]) VALUES (28, N'حذف العملات', N'DeleteCurrency')\r\n","INSERT [dbo].[Privilege] ([Id], [Name], [SysName]) VALUES (29, N'عرض الأقسام', N'ShowDepartment')\r\n","INSERT [dbo].[Privilege] ([Id], [Name], [SysName]) VALUES (30, N'إضافة قسم', N'AddDepartment')\r\n","INSERT [dbo].[Privilege] ([Id], [Name], [SysName]) VALUES (31, N'تعديل قسم', N'UpdateDepartment')\r\n","INSERT [dbo].[Privilege] ([Id], [Name], [SysName]) VALUES (33, N'عرض انواع الواردات', N'ShowIncomeType')\r\n","INSERT [dbo].[Privilege] ([Id], [Name], [SysName]) VALUES (34, N'إضافة انواع الواردات', N'AddIncomeType')\r\n","INSERT [dbo].[Privilege] ([Id], [Name], [SysName]) VALUES (35, N'تعديل انواع الواردات', N'UpdateIncomeType')\r\n","INSERT [dbo].[Privilege] ([Id], [Name], [SysName]) VALUES (36, N'حذف انواع الواردات', N'DeleteIncomeType')\r\n","INSERT [dbo].[Privilege] ([Id], [Name], [SysName]) VALUES (37, N'عرض انواع الصادرات', N'ShowOutComeType')\r\n","INSERT [dbo].[Privilege] ([Id], [Name], [SysName]) VALUES (38, N'إضافة انواع الصادرات', N'AddOutComeType')\r\n","INSERT [dbo].[Privilege] ([Id], [Name], [SysName]) VALUES (39, N'تعديل انواع الصادرات', N'UpdateOutComeType')\r\n","INSERT [dbo].[Privilege] ([Id], [Name], [SysName]) VALUES (40, N'حذف انواع الصادرات', N'DeleteOutComeType')\r\n","INSERT [dbo].[Privilege] ([Id], [Name], [SysName]) VALUES (41, N'إضافة طلبات', N'AddOrder')\r\n","INSERT [dbo].[Privilege] ([Id], [Name], [SysName]) VALUES (42, N'تعديل الطلبات', N'UpdateOrder')\r\n","INSERT [dbo].[Privilege] ([Id], [Name], [SysName]) VALUES (43, N'حذف الطلبات', N'DeleteOrder')\r\n","INSERT [dbo].[Privilege] ([Id], [Name], [SysName]) VALUES (44, N'عرض الطلبات', N'ShowOrder')\r\n","INSERT [dbo].[Privilege] ([Id], [Name], [SysName]) VALUES (45, N'اضافة صادرات', N'AddOutCome')\r\n","INSERT [dbo].[Privilege] ([Id], [Name], [SysName]) VALUES (46, N'عرض الصادرات', N'ShowOutCome')\r\n","INSERT [dbo].[Privilege] ([Id], [Name], [SysName]) VALUES (47, N'تعديل الصادرات', N'UpdateOutCome')\r\n","INSERT [dbo].[Privilege] ([Id], [Name], [SysName]) VALUES (48, N'حذف الصادرات', N'DeleteOutCome')\r\n","INSERT [dbo].[Privilege] ([Id], [Name], [SysName]) VALUES (49, N'إضافة واردات', N'AddIncome')\r\n","INSERT [dbo].[Privilege] ([Id], [Name], [SysName]) VALUES (50, N'عرض الواردات', N'ShowIncome')\r\n","INSERT [dbo].[Privilege] ([Id], [Name], [SysName]) VALUES (51, N'تعديل الواردات', N'UpdateIncome')\r\n","INSERT [dbo].[Privilege] ([Id], [Name], [SysName]) VALUES (52, N'حذف الواردات', N'DeleteIncome')\r\n","INSERT [dbo].[Privilege] ([Id], [Name], [SysName]) VALUES (53, N'عرض التقارير', N'ShowReports')\r\n","INSERT [dbo].[Privilege] ([Id], [Name], [SysName]) VALUES (54, N'طباعة عميل', N'PrintClient')\r\n","INSERT [dbo].[Privilege] ([Id], [Name], [SysName]) VALUES (55, N'طباعة مندوب', N'PrintAgent')\r\n","INSERT [dbo].[Privilege] ([Id], [Name], [SysName]) VALUES (56, N'تسديد', N'Pay')\r\n","INSERT [dbo].[Privilege] ([Id], [Name], [SysName]) VALUES (57, N'إدارة الصناديق', N'TreasuryManagment')\r\n","INSERT [dbo].[Privilege] ([Id], [Name], [SysName]) VALUES (58, N'استلام الشحنات المسلمة', N'ReceiptOfTheStatusOfTheDeliveredShipment')\r\n","INSERT [dbo].[Privilege] ([Id], [Name], [SysName]) VALUES (59, N'استلام الشحنات المرتجعة', N'ReceiptOfTheStatusOfTheReturnedShipment')\r\n","INSERT [dbo].[Privilege] ([Id], [Name], [SysName]) VALUES (60, N'????? ?? ??????', N'PayInWay')\r\n","INSERT [dbo].[Privilege] ([Id], [Name], [SysName]) VALUES (61, N'????? ????? ???', N'PayCompletelyReturned')\r\n","INSERT [dbo].[Privilege] ([Id], [Name], [SysName]) VALUES (62, N'????? ????? ????', N'PayPartialReturned')\r\n","INSERT [dbo].[Privilege] ([Id], [Name], [SysName]) VALUES (63, N'????? ?? ???????', N'PayDelivered')\r\n","INSERT [dbo].[Privilege] ([Id], [Name], [SysName]) VALUES (64, N'?????', N'PayUnacceptable')\r\n","GO\r\n"],"metadata":{"urn":"Server[@Name='LAPTOP-A1S3V5JM']/Database[@Name='Kokaz']/Table[@Name='Privilege' and @Schema='dbo']","object_type":"Table"}},{"cell_type":"markdown","source":["# [dbo].[ReceiptOfTheOrderStatus]"],"metadata":{"urn":"Server[@Name='LAPTOP-A1S3V5JM']/Database[@Name='Kokaz']/Table[@Name='ReceiptOfTheOrderStatus' and @Schema='dbo']","object_type":"Table"}},{"outputs":[],"execution_count":0,"cell_type":"code","source":["SET IDENTITY_INSERT [dbo].[ReceiptOfTheOrderStatus] ON \r\n","INSERT [dbo].[ReceiptOfTheOrderStatus] ([Id], [CreatedOn], [RecvierId]) VALUES (5, CAST(N'2022-05-10' AS Date), 65)\r\n","INSERT [dbo].[ReceiptOfTheOrderStatus] ([Id], [CreatedOn], [RecvierId]) VALUES (7, CAST(N'2022-05-10' AS Date), 65)\r\n","INSERT [dbo].[ReceiptOfTheOrderStatus] ([Id], [CreatedOn], [RecvierId]) VALUES (8, CAST(N'2022-05-13' AS Date), 65)\r\n","INSERT [dbo].[ReceiptOfTheOrderStatus] ([Id], [CreatedOn], [RecvierId]) VALUES (9, CAST(N'2022-05-13' AS Date), 65)\r\n","INSERT [dbo].[ReceiptOfTheOrderStatus] ([Id], [CreatedOn], [RecvierId]) VALUES (10, CAST(N'2022-05-13' AS Date), 65)\r\n","INSERT [dbo].[ReceiptOfTheOrderStatus] ([Id], [CreatedOn], [RecvierId]) VALUES (11, CAST(N'2022-05-13' AS Date), 65)\r\n","INSERT [dbo].[ReceiptOfTheOrderStatus] ([Id], [CreatedOn], [RecvierId]) VALUES (12, CAST(N'2022-05-13' AS Date), 65)\r\n","INSERT [dbo].[ReceiptOfTheOrderStatus] ([Id], [CreatedOn], [RecvierId]) VALUES (13, CAST(N'2022-05-13' AS Date), 65)\r\n","INSERT [dbo].[ReceiptOfTheOrderStatus] ([Id], [CreatedOn], [RecvierId]) VALUES (14, CAST(N'2022-05-13' AS Date), 65)\r\n","INSERT [dbo].[ReceiptOfTheOrderStatus] ([Id], [CreatedOn], [RecvierId]) VALUES (15, CAST(N'2022-05-13' AS Date), 65)\r\n","INSERT [dbo].[ReceiptOfTheOrderStatus] ([Id], [CreatedOn], [RecvierId]) VALUES (16, CAST(N'2022-05-13' AS Date), 65)\r\n","INSERT [dbo].[ReceiptOfTheOrderStatus] ([Id], [CreatedOn], [RecvierId]) VALUES (17, CAST(N'2022-05-13' AS Date), 65)\r\n","INSERT [dbo].[ReceiptOfTheOrderStatus] ([Id], [CreatedOn], [RecvierId]) VALUES (18, CAST(N'2022-05-13' AS Date), 65)\r\n","INSERT [dbo].[ReceiptOfTheOrderStatus] ([Id], [CreatedOn], [RecvierId]) VALUES (19, CAST(N'2022-05-13' AS Date), 65)\r\n","INSERT [dbo].[ReceiptOfTheOrderStatus] ([Id], [CreatedOn], [RecvierId]) VALUES (20, CAST(N'2022-05-13' AS Date), 65)\r\n","INSERT [dbo].[ReceiptOfTheOrderStatus] ([Id], [CreatedOn], [RecvierId]) VALUES (21, CAST(N'2022-05-13' AS Date), 65)\r\n","INSERT [dbo].[ReceiptOfTheOrderStatus] ([Id], [CreatedOn], [RecvierId]) VALUES (22, CAST(N'2022-05-13' AS Date), 1074)\r\n","INSERT [dbo].[ReceiptOfTheOrderStatus] ([Id], [CreatedOn], [RecvierId]) VALUES (23, CAST(N'2022-05-13' AS Date), 1075)\r\n","INSERT [dbo].[ReceiptOfTheOrderStatus] ([Id], [CreatedOn], [RecvierId]) VALUES (24, CAST(N'2022-05-14' AS Date), 1076)\r\n","INSERT [dbo].[ReceiptOfTheOrderStatus] ([Id], [CreatedOn], [RecvierId]) VALUES (25, CAST(N'2022-05-25' AS Date), 65)\r\n","SET IDENTITY_INSERT [dbo].[ReceiptOfTheOrderStatus] OFF\r\n","GO\r\n"],"metadata":{"urn":"Server[@Name='LAPTOP-A1S3V5JM']/Database[@Name='Kokaz']/Table[@Name='ReceiptOfTheOrderStatus' and @Schema='dbo']","object_type":"Table"}},{"cell_type":"markdown","source":["# [dbo].[Region]"],"metadata":{"urn":"Server[@Name='LAPTOP-A1S3V5JM']/Database[@Name='Kokaz']/Table[@Name='Region' and @Schema='dbo']","object_type":"Table"}},{"outputs":[],"execution_count":0,"cell_type":"code","source":["SET IDENTITY_INSERT [dbo].[Region] ON \r\n","INSERT [dbo].[Region] ([Id], [Name], [CountryId]) VALUES (7, N'r3', 3)\r\n","INSERT [dbo].[Region] ([Id], [Name], [CountryId]) VALUES (9, N'r4', 3)\r\n","INSERT [dbo].[Region] ([Id], [Name], [CountryId]) VALUES (12, N'c2r2', 6)\r\n","INSERT [dbo].[Region] ([Id], [Name], [CountryId]) VALUES (15, N'asdasd', 7)\r\n","INSERT [dbo].[Region] ([Id], [Name], [CountryId]) VALUES (16, N'asdas', 7)\r\n","INSERT [dbo].[Region] ([Id], [Name], [CountryId]) VALUES (17, N'asdasd', 8)\r\n","INSERT [dbo].[Region] ([Id], [Name], [CountryId]) VALUES (18, N't_2', 8)\r\n","INSERT [dbo].[Region] ([Id], [Name], [CountryId]) VALUES (19, N'sfhsdfh', 8)\r\n","INSERT [dbo].[Region] ([Id], [Name], [CountryId]) VALUES (20, N'region2', 9)\r\n","INSERT [dbo].[Region] ([Id], [Name], [CountryId]) VALUES (21, N'Region1', 1)\r\n","INSERT [dbo].[Region] ([Id], [Name], [CountryId]) VALUES (22, N'تجريب', 3)\r\n","INSERT [dbo].[Region] ([Id], [Name], [CountryId]) VALUES (23, N'C1Region2', 1)\r\n","SET IDENTITY_INSERT [dbo].[Region] OFF\r\n","GO\r\n"],"metadata":{"urn":"Server[@Name='LAPTOP-A1S3V5JM']/Database[@Name='Kokaz']/Table[@Name='Region' and @Schema='dbo']","object_type":"Table"}},{"cell_type":"markdown","source":["# [dbo].[Treasury]"],"metadata":{"urn":"Server[@Name='LAPTOP-A1S3V5JM']/Database[@Name='Kokaz']/Table[@Name='Treasury' and @Schema='dbo']","object_type":"Table"}},{"outputs":[],"execution_count":0,"cell_type":"code","source":["INSERT [dbo].[Treasury] ([Id], [Total], [CreateOnUtc], [IsActive]) VALUES (65, CAST(618730.00 AS Decimal(18, 2)), CAST(N'2022-05-05' AS Date), 1)\r\n","INSERT [dbo].[Treasury] ([Id], [Total], [CreateOnUtc], [IsActive]) VALUES (1070, CAST(15000.00 AS Decimal(18, 2)), CAST(N'2022-05-03' AS Date), 1)\r\n","INSERT [dbo].[Treasury] ([Id], [Total], [CreateOnUtc], [IsActive]) VALUES (1071, CAST(100000.00 AS Decimal(18, 2)), CAST(N'2022-05-04' AS Date), 1)\r\n","INSERT [dbo].[Treasury] ([Id], [Total], [CreateOnUtc], [IsActive]) VALUES (1072, CAST(104800.00 AS Decimal(18, 2)), CAST(N'2022-05-04' AS Date), 0)\r\n","INSERT [dbo].[Treasury] ([Id], [Total], [CreateOnUtc], [IsActive]) VALUES (1073, CAST(-400.00 AS Decimal(18, 2)), CAST(N'2022-05-04' AS Date), 1)\r\n","INSERT [dbo].[Treasury] ([Id], [Total], [CreateOnUtc], [IsActive]) VALUES (1074, CAST(2700.00 AS Decimal(18, 2)), CAST(N'2022-05-13' AS Date), 1)\r\n","INSERT [dbo].[Treasury] ([Id], [Total], [CreateOnUtc], [IsActive]) VALUES (1075, CAST(0.00 AS Decimal(18, 2)), CAST(N'2022-05-13' AS Date), 1)\r\n","INSERT [dbo].[Treasury] ([Id], [Total], [CreateOnUtc], [IsActive]) VALUES (1076, CAST(97050.00 AS Decimal(18, 2)), CAST(N'2022-05-14' AS Date), 1)\r\n","GO\r\n"],"metadata":{"urn":"Server[@Name='LAPTOP-A1S3V5JM']/Database[@Name='Kokaz']/Table[@Name='Treasury' and @Schema='dbo']","object_type":"Table"}},{"cell_type":"markdown","source":["# [dbo].[UserBranch]"],"metadata":{"urn":"Server[@Name='LAPTOP-A1S3V5JM']/Database[@Name='Kokaz']/Table[@Name='UserBranch' and @Schema='dbo']","object_type":"Table"}},{"outputs":[],"execution_count":0,"cell_type":"code","source":["INSERT [dbo].[UserBranch] ([UserId], [BranchId]) VALUES (65, 2)\r\n","INSERT [dbo].[UserBranch] ([UserId], [BranchId]) VALUES (1070, 2)\r\n","INSERT [dbo].[UserBranch] ([UserId], [BranchId]) VALUES (1071, 2)\r\n","INSERT [dbo].[UserBranch] ([UserId], [BranchId]) VALUES (1072, 2)\r\n","INSERT [dbo].[UserBranch] ([UserId], [BranchId]) VALUES (1073, 2)\r\n","INSERT [dbo].[UserBranch] ([UserId], [BranchId]) VALUES (1074, 2)\r\n","INSERT [dbo].[UserBranch] ([UserId], [BranchId]) VALUES (1075, 2)\r\n","INSERT [dbo].[UserBranch] ([UserId], [BranchId]) VALUES (1076, 2)\r\n","INSERT [dbo].[UserBranch] ([UserId], [BranchId]) VALUES (65, 3)\r\n","INSERT [dbo].[UserBranch] ([UserId], [BranchId]) VALUES (1077, 3)\r\n","INSERT [dbo].[UserBranch] ([UserId], [BranchId]) VALUES (2077, 3)\r\n","GO\r\n"],"metadata":{"urn":"Server[@Name='LAPTOP-A1S3V5JM']/Database[@Name='Kokaz']/Table[@Name='UserBranch' and @Schema='dbo']","object_type":"Table"}},{"cell_type":"markdown","source":["# [dbo].[UserGroup]"],"metadata":{"urn":"Server[@Name='LAPTOP-A1S3V5JM']/Database[@Name='Kokaz']/Table[@Name='UserGroup' and @Schema='dbo']","object_type":"Table"}},{"outputs":[],"execution_count":0,"cell_type":"code","source":["INSERT [dbo].[UserGroup] ([UserId], [GroupId]) VALUES (65, 1)\r\n","INSERT [dbo].[UserGroup] ([UserId], [GroupId]) VALUES (65, 9)\r\n","INSERT [dbo].[UserGroup] ([UserId], [GroupId]) VALUES (1070, 9)\r\n","INSERT [dbo].[UserGroup] ([UserId], [GroupId]) VALUES (1071, 1)\r\n","INSERT [dbo].[UserGroup] ([UserId], [GroupId]) VALUES (1071, 9)\r\n","INSERT [dbo].[UserGroup] ([UserId], [GroupId]) VALUES (1072, 1)\r\n","INSERT [dbo].[UserGroup] ([UserId], [GroupId]) VALUES (1073, 9)\r\n","INSERT [dbo].[UserGroup] ([UserId], [GroupId]) VALUES (1074, 1)\r\n","INSERT [dbo].[UserGroup] ([UserId], [GroupId]) VALUES (1074, 9)\r\n","INSERT [dbo].[UserGroup] ([UserId], [GroupId]) VALUES (1075, 1)\r\n","INSERT [dbo].[UserGroup] ([UserId], [GroupId]) VALUES (1075, 9)\r\n","INSERT [dbo].[UserGroup] ([UserId], [GroupId]) VALUES (1076, 1)\r\n","INSERT [dbo].[UserGroup] ([UserId], [GroupId]) VALUES (1076, 9)\r\n","INSERT [dbo].[UserGroup] ([UserId], [GroupId]) VALUES (1077, 1)\r\n","INSERT [dbo].[UserGroup] ([UserId], [GroupId]) VALUES (2077, 1)\r\n","GO\r\n"],"metadata":{"urn":"Server[@Name='LAPTOP-A1S3V5JM']/Database[@Name='Kokaz']/Table[@Name='UserGroup' and @Schema='dbo']","object_type":"Table"}},{"cell_type":"markdown","source":["# [dbo].[UserPhone]"],"metadata":{"urn":"Server[@Name='LAPTOP-A1S3V5JM']/Database[@Name='Kokaz']/Table[@Name='UserPhone' and @Schema='dbo']","object_type":"Table"}},{"outputs":[],"execution_count":0,"cell_type":"code","source":["SET IDENTITY_INSERT [dbo].[UserPhone] ON \r\n","INSERT [dbo].[UserPhone] ([Id], [UserId], [Phone]) VALUES (58, 66, N'15161561651')\r\n","INSERT [dbo].[UserPhone] ([Id], [UserId], [Phone]) VALUES (1058, 1066, N'12312312379')\r\n","INSERT [dbo].[UserPhone] ([Id], [UserId], [Phone]) VALUES (1059, 1067, N'12937012987')\r\n","INSERT [dbo].[UserPhone] ([Id], [UserId], [Phone]) VALUES (1060, 1068, N'32493827490')\r\n","INSERT [dbo].[UserPhone] ([Id], [UserId], [Phone]) VALUES (1061, 1069, N'99999999999')\r\n","INSERT [dbo].[UserPhone] ([Id], [UserId], [Phone]) VALUES (1062, 1070, N'23132132132')\r\n","INSERT [dbo].[UserPhone] ([Id], [UserId], [Phone]) VALUES (1063, 1071, N'23131321321')\r\n","INSERT [dbo].[UserPhone] ([Id], [UserId], [Phone]) VALUES (1064, 1072, N'51156165165')\r\n","INSERT [dbo].[UserPhone] ([Id], [UserId], [Phone]) VALUES (1065, 1073, N'33213213232')\r\n","INSERT [dbo].[UserPhone] ([Id], [UserId], [Phone]) VALUES (1066, 1074, N'23132131131')\r\n","INSERT [dbo].[UserPhone] ([Id], [UserId], [Phone]) VALUES (1067, 1075, N'23213212313')\r\n","INSERT [dbo].[UserPhone] ([Id], [UserId], [Phone]) VALUES (1068, 1076, N'21321321321')\r\n","INSERT [dbo].[UserPhone] ([Id], [UserId], [Phone]) VALUES (1069, 1077, N'56465465465')\r\n","INSERT [dbo].[UserPhone] ([Id], [UserId], [Phone]) VALUES (1070, 1078, N'65465465465')\r\n","INSERT [dbo].[UserPhone] ([Id], [UserId], [Phone]) VALUES (2069, 2077, N'15165165165')\r\n","SET IDENTITY_INSERT [dbo].[UserPhone] OFF\r\n","GO\r\n"],"metadata":{"urn":"Server[@Name='LAPTOP-A1S3V5JM']/Database[@Name='Kokaz']/Table[@Name='UserPhone' and @Schema='dbo']","object_type":"Table"}},{"cell_type":"markdown","source":["# [dbo].[Users]"],"metadata":{"urn":"Server[@Name='LAPTOP-A1S3V5JM']/Database[@Name='Kokaz']/Table[@Name='Users' and @Schema='dbo']","object_type":"Table"}},{"outputs":[],"execution_count":0,"cell_type":"code","source":["SET IDENTITY_INSERT [dbo].[Users] ON \r\n","INSERT [dbo].[Users] ([Id], [Name], [Experince], [Adress], [HireDate], [Note], [CanWorkAsAgent], [Salary], [UserName], [Password], [IsActive], [BranchId]) VALUES (65, N'admin', NULL, NULL, CAST(N'2022-01-01' AS Date), NULL, 0, NULL, N'admin', N'21232f297a57a5a743894a0e4a801fc3', 1, NULL)\r\n","INSERT [dbo].[Users] ([Id], [Name], [Experince], [Adress], [HireDate], [Note], [CanWorkAsAgent], [Salary], [UserName], [Password], [IsActive], [BranchId]) VALUES (66, N'مندوب 1', NULL, NULL, CAST(N'2022-01-06' AS Date), N'kjdsd', 1, CAST(0.00 AS Decimal(18, 2)), N'agent1', N'202cb962ac59075b964b07152d234b70', 1, 2)\r\n","INSERT [dbo].[Users] ([Id], [Name], [Experince], [Adress], [HireDate], [Note], [CanWorkAsAgent], [Salary], [UserName], [Password], [IsActive], [BranchId]) VALUES (1066, N'مندوب ', NULL, NULL, CAST(N'2022-02-10' AS Date), N'asjdfkjfksjf', 1, CAST(100000.00 AS Decimal(18, 2)), N'aa', N'', 1, 2)\r\n","INSERT [dbo].[Users] ([Id], [Name], [Experince], [Adress], [HireDate], [Note], [CanWorkAsAgent], [Salary], [UserName], [Password], [IsActive], [BranchId]) VALUES (1067, N'bb', NULL, NULL, CAST(N'2022-02-10' AS Date), N'jsahdksjafs', 1, CAST(1000.00 AS Decimal(18, 2)), N'bb', N'202cb962ac59075b964b07152d234b70', 1, 2)\r\n","INSERT [dbo].[Users] ([Id], [Name], [Experince], [Adress], [HireDate], [Note], [CanWorkAsAgent], [Salary], [UserName], [Password], [IsActive], [BranchId]) VALUES (1068, N'zz', NULL, NULL, CAST(N'2022-02-10' AS Date), N'skldjkldasjfklasdjfldaksh', 1, CAST(31313.00 AS Decimal(18, 2)), N'zz', N'202cb962ac59075b964b07152d234b70', 1, 2)\r\n","INSERT [dbo].[Users] ([Id], [Name], [Experince], [Adress], [HireDate], [Note], [CanWorkAsAgent], [Salary], [UserName], [Password], [IsActive], [BranchId]) VALUES (1069, N'مندوب نقل البيانات', NULL, NULL, CAST(N'2022-04-01' AS Date), N'يصبمتاشيسبشس', 1, CAST(3000.00 AS Decimal(18, 2)), N'agnetTransfer', N'202cb962ac59075b964b07152d234b70', 1, 2)\r\n","INSERT [dbo].[Users] ([Id], [Name], [Experince], [Adress], [HireDate], [Note], [CanWorkAsAgent], [Salary], [UserName], [Password], [IsActive], [BranchId]) VALUES (1070, N'موظف تجريب الصندوق', N'sdfsa', NULL, CAST(N'2022-05-02' AS Date), N'sdfsad', 0, NULL, N'user1', N'202cb962ac59075b964b07152d234b70', 1, NULL)\r\n","INSERT [dbo].[Users] ([Id], [Name], [Experince], [Adress], [HireDate], [Note], [CanWorkAsAgent], [Salary], [UserName], [Password], [IsActive], [BranchId]) VALUES (1071, N'موظف 2', N'lksdjf', NULL, CAST(N'2022-05-04' AS Date), N'lskdjf', 0, NULL, N'user2', N'202cb962ac59075b964b07152d234b70', 1, NULL)\r\n","INSERT [dbo].[Users] ([Id], [Name], [Experince], [Adress], [HireDate], [Note], [CanWorkAsAgent], [Salary], [UserName], [Password], [IsActive], [BranchId]) VALUES (1072, N'موظف3', N'LKJSHDSFKJLKJKDSF', NULL, CAST(N'2022-05-04' AS Date), N'KJDFKJSH', 0, NULL, N'USER3', N'202cb962ac59075b964b07152d234b70', 1, NULL)\r\n","INSERT [dbo].[Users] ([Id], [Name], [Experince], [Adress], [HireDate], [Note], [CanWorkAsAgent], [Salary], [UserName], [Password], [IsActive], [BranchId]) VALUES (1073, N'موظف 10', N'sdf', NULL, CAST(N'2022-05-04' AS Date), N'32', 0, NULL, N'user10', N'202cb962ac59075b964b07152d234b70', 1, NULL)\r\n","INSERT [dbo].[Users] ([Id], [Name], [Experince], [Adress], [HireDate], [Note], [CanWorkAsAgent], [Salary], [UserName], [Password], [IsActive], [BranchId]) VALUES (1074, N'موظف تجريب الصندوق2', NULL, NULL, CAST(N'2022-05-13' AS Date), NULL, 0, NULL, N'userTest2', N'202cb962ac59075b964b07152d234b70', 1, NULL)\r\n","INSERT [dbo].[Users] ([Id], [Name], [Experince], [Adress], [HireDate], [Note], [CanWorkAsAgent], [Salary], [UserName], [Password], [IsActive], [BranchId]) VALUES (1075, N'موظف تجريب صندوق 3', NULL, NULL, CAST(N'2022-05-13' AS Date), NULL, 0, NULL, N'userTest3', N'202cb962ac59075b964b07152d234b70', 1, NULL)\r\n","INSERT [dbo].[Users] ([Id], [Name], [Experince], [Adress], [HireDate], [Note], [CanWorkAsAgent], [Salary], [UserName], [Password], [IsActive], [BranchId]) VALUES (1076, N'موظف صندوق 10', N'qsdkjlf', NULL, CAST(N'2022-05-14' AS Date), N'dsklfj', 0, NULL, N'test10', N'202cb962ac59075b964b07152d234b70', 1, NULL)\r\n","INSERT [dbo].[Users] ([Id], [Name], [Experince], [Adress], [HireDate], [Note], [CanWorkAsAgent], [Salary], [UserName], [Password], [IsActive], [BranchId]) VALUES (1077, N'موظف فرع 2', N'sd,fh', NULL, CAST(N'2022-07-12' AS Date), N'sdkdfj', 0, NULL, N'EmployeeBranch2', N'202cb962ac59075b964b07152d234b70', 1, NULL)\r\n","INSERT [dbo].[Users] ([Id], [Name], [Experince], [Adress], [HireDate], [Note], [CanWorkAsAgent], [Salary], [UserName], [Password], [IsActive], [BranchId]) VALUES (1078, N'مندوب فرع 2', NULL, NULL, CAST(N'2022-07-12' AS Date), N'sdkfkjj', 1, CAST(1450.00 AS Decimal(18, 2)), N'agentBranch2', N'202cb962ac59075b964b07152d234b70', 1, 3)\r\n","INSERT [dbo].[Users] ([Id], [Name], [Experince], [Adress], [HireDate], [Note], [CanWorkAsAgent], [Salary], [UserName], [Password], [IsActive], [BranchId]) VALUES (2077, N'testCreate', N's;ldkaskldj', NULL, CAST(N'2022-09-02' AS Date), N'kjsddkjlsd', 0, NULL, N'testCreate', N'7215ee9c7d9dc229d2921a40e899ec5f', 1, NULL)\r\n","SET IDENTITY_INSERT [dbo].[Users] OFF\r\n","GO\r\n"],"metadata":{"urn":"Server[@Name='LAPTOP-A1S3V5JM']/Database[@Name='Kokaz']/Table[@Name='Users' and @Schema='dbo']","object_type":"Table"}},{"cell_type":"markdown","source":["# [IX_AgentPrint_BranchId]"],"metadata":{"urn":"Server[@Name='LAPTOP-A1S3V5JM']/Database[@Name='Kokaz']/Table[@Name='AgentPrint' and @Schema='dbo']/Index[@Name='IX_AgentPrint_BranchId']","object_type":"Index"}},{"outputs":[],"execution_count":0,"cell_type":"code","source":["/****** Object:  Index [IX_AgentPrint_BranchId]    Script Date: 9/23/2022 2:11:32 AM ******/\r\nCREATE NONCLUSTERED INDEX [IX_AgentPrint_BranchId] ON [dbo].[AgentPrint]\r\n(\r\n\t[BranchId] ASC\r\n)WITH (PAD_INDEX = OFF, STATISTICS_NORECOMPUTE = OFF, SORT_IN_TEMPDB = OFF, DROP_EXISTING = OFF, ONLINE = OFF, ALLOW_ROW_LOCKS = ON, ALLOW_PAGE_LOCKS = ON, OPTIMIZE_FOR_SEQUENTIAL_KEY = OFF) ON [PRIMARY]\r\n","GO\r\n"],"metadata":{"urn":"Server[@Name='LAPTOP-A1S3V5JM']/Database[@Name='Kokaz']/Table[@Name='AgentPrint' and @Schema='dbo']/Index[@Name='IX_AgentPrint_BranchId']","object_type":"Index"}},{"cell_type":"markdown","source":["# [IX_Branches_CountryId]"],"metadata":{"urn":"Server[@Name='LAPTOP-A1S3V5JM']/Database[@Name='Kokaz']/Table[@Name='Branches' and @Schema='dbo']/Index[@Name='IX_Branches_CountryId']","object_type":"Index"}},{"outputs":[],"execution_count":0,"cell_type":"code","source":["/****** Object:  Index [IX_Branches_CountryId]    Script Date: 9/23/2022 2:11:32 AM ******/\r\nCREATE NONCLUSTERED INDEX [IX_Branches_CountryId] ON [dbo].[Branches]\r\n(\r\n\t[CountryId] ASC\r\n)WITH (PAD_INDEX = OFF, STATISTICS_NORECOMPUTE = OFF, SORT_IN_TEMPDB = OFF, DROP_EXISTING = OFF, ONLINE = OFF, ALLOW_ROW_LOCKS = ON, ALLOW_PAGE_LOCKS = ON, OPTIMIZE_FOR_SEQUENTIAL_KEY = OFF) ON [PRIMARY]\r\n","GO\r\n"],"metadata":{"urn":"Server[@Name='LAPTOP-A1S3V5JM']/Database[@Name='Kokaz']/Table[@Name='Branches' and @Schema='dbo']/Index[@Name='IX_Branches_CountryId']","object_type":"Index"}},{"cell_type":"markdown","source":["# [IX_ClientPayment_BranchId]"],"metadata":{"urn":"Server[@Name='LAPTOP-A1S3V5JM']/Database[@Name='Kokaz']/Table[@Name='ClientPayment' and @Schema='dbo']/Index[@Name='IX_ClientPayment_BranchId']","object_type":"Index"}},{"outputs":[],"execution_count":0,"cell_type":"code","source":["/****** Object:  Index [IX_ClientPayment_BranchId]    Script Date: 9/23/2022 2:11:32 AM ******/\r\nCREATE NONCLUSTERED INDEX [IX_ClientPayment_BranchId] ON [dbo].[ClientPayment]\r\n(\r\n\t[BranchId] ASC\r\n)WITH (PAD_INDEX = OFF, STATISTICS_NORECOMPUTE = OFF, SORT_IN_TEMPDB = OFF, DROP_EXISTING = OFF, ONLINE = OFF, ALLOW_ROW_LOCKS = ON, ALLOW_PAGE_LOCKS = ON, OPTIMIZE_FOR_SEQUENTIAL_KEY = OFF) ON [PRIMARY]\r\n","GO\r\n"],"metadata":{"urn":"Server[@Name='LAPTOP-A1S3V5JM']/Database[@Name='Kokaz']/Table[@Name='ClientPayment' and @Schema='dbo']/Index[@Name='IX_ClientPayment_BranchId']","object_type":"Index"}},{"cell_type":"markdown","source":["# [IX_Clients_BranchId]"],"metadata":{"urn":"Server[@Name='LAPTOP-A1S3V5JM']/Database[@Name='Kokaz']/Table[@Name='Clients' and @Schema='dbo']/Index[@Name='IX_Clients_BranchId']","object_type":"Index"}},{"outputs":[],"execution_count":0,"cell_type":"code","source":["/****** Object:  Index [IX_Clients_BranchId]    Script Date: 9/23/2022 2:11:32 AM ******/\r\nCREATE NONCLUSTERED INDEX [IX_Clients_BranchId] ON [dbo].[Clients]\r\n(\r\n\t[BranchId] ASC\r\n)WITH (PAD_INDEX = OFF, STATISTICS_NORECOMPUTE = OFF, SORT_IN_TEMPDB = OFF, DROP_EXISTING = OFF, ONLINE = OFF, ALLOW_ROW_LOCKS = ON, ALLOW_PAGE_LOCKS = ON, OPTIMIZE_FOR_SEQUENTIAL_KEY = OFF) ON [PRIMARY]\r\n","GO\r\n"],"metadata":{"urn":"Server[@Name='LAPTOP-A1S3V5JM']/Database[@Name='Kokaz']/Table[@Name='Clients' and @Schema='dbo']/Index[@Name='IX_Clients_BranchId']","object_type":"Index"}},{"cell_type":"markdown","source":["# [IX_DisAcceptOrder_BranchId]"],"metadata":{"urn":"Server[@Name='LAPTOP-A1S3V5JM']/Database[@Name='Kokaz']/Table[@Name='DisAcceptOrder' and @Schema='dbo']/Index[@Name='IX_DisAcceptOrder_BranchId']","object_type":"Index"}},{"outputs":[],"execution_count":0,"cell_type":"code","source":["/****** Object:  Index [IX_DisAcceptOrder_BranchId]    Script Date: 9/23/2022 2:11:32 AM ******/\r\nCREATE NONCLUSTERED INDEX [IX_DisAcceptOrder_BranchId] ON [dbo].[DisAcceptOrder]\r\n(\r\n\t[BranchId] ASC\r\n)WITH (PAD_INDEX = OFF, STATISTICS_NORECOMPUTE = OFF, SORT_IN_TEMPDB = OFF, DROP_EXISTING = OFF, ONLINE = OFF, ALLOW_ROW_LOCKS = ON, ALLOW_PAGE_LOCKS = ON, OPTIMIZE_FOR_SEQUENTIAL_KEY = OFF) ON [PRIMARY]\r\n","GO\r\n"],"metadata":{"urn":"Server[@Name='LAPTOP-A1S3V5JM']/Database[@Name='Kokaz']/Table[@Name='DisAcceptOrder' and @Schema='dbo']/Index[@Name='IX_DisAcceptOrder_BranchId']","object_type":"Index"}},{"cell_type":"markdown","source":["# [IX_EditRequest_BranchId]"],"metadata":{"urn":"Server[@Name='LAPTOP-A1S3V5JM']/Database[@Name='Kokaz']/Table[@Name='EditRequest' and @Schema='dbo']/Index[@Name='IX_EditRequest_BranchId']","object_type":"Index"}},{"outputs":[],"execution_count":0,"cell_type":"code","source":["/****** Object:  Index [IX_EditRequest_BranchId]    Script Date: 9/23/2022 2:11:32 AM ******/\r\nCREATE NONCLUSTERED INDEX [IX_EditRequest_BranchId] ON [dbo].[EditRequest]\r\n(\r\n\t[BranchId] ASC\r\n)WITH (PAD_INDEX = OFF, STATISTICS_NORECOMPUTE = OFF, SORT_IN_TEMPDB = OFF, DROP_EXISTING = OFF, ONLINE = OFF, ALLOW_ROW_LOCKS = ON, ALLOW_PAGE_LOCKS = ON, OPTIMIZE_FOR_SEQUENTIAL_KEY = OFF) ON [PRIMARY]\r\n","GO\r\n"],"metadata":{"urn":"Server[@Name='LAPTOP-A1S3V5JM']/Database[@Name='Kokaz']/Table[@Name='EditRequest' and @Schema='dbo']/Index[@Name='IX_EditRequest_BranchId']","object_type":"Index"}},{"cell_type":"markdown","source":["# [IX_Income_BranchId]"],"metadata":{"urn":"Server[@Name='LAPTOP-A1S3V5JM']/Database[@Name='Kokaz']/Table[@Name='Income' and @Schema='dbo']/Index[@Name='IX_Income_BranchId']","object_type":"Index"}},{"outputs":[],"execution_count":0,"cell_type":"code","source":["/****** Object:  Index [IX_Income_BranchId]    Script Date: 9/23/2022 2:11:32 AM ******/\r\nCREATE NONCLUSTERED INDEX [IX_Income_BranchId] ON [dbo].[Income]\r\n(\r\n\t[BranchId] ASC\r\n)WITH (PAD_INDEX = OFF, STATISTICS_NORECOMPUTE = OFF, SORT_IN_TEMPDB = OFF, DROP_EXISTING = OFF, ONLINE = OFF, ALLOW_ROW_LOCKS = ON, ALLOW_PAGE_LOCKS = ON, OPTIMIZE_FOR_SEQUENTIAL_KEY = OFF) ON [PRIMARY]\r\n","GO\r\n"],"metadata":{"urn":"Server[@Name='LAPTOP-A1S3V5JM']/Database[@Name='Kokaz']/Table[@Name='Income' and @Schema='dbo']/Index[@Name='IX_Income_BranchId']","object_type":"Index"}},{"cell_type":"markdown","source":["# [IX_Order_BranchId]"],"metadata":{"urn":"Server[@Name='LAPTOP-A1S3V5JM']/Database[@Name='Kokaz']/Table[@Name='Order' and @Schema='dbo']/Index[@Name='IX_Order_BranchId']","object_type":"Index"}},{"outputs":[],"execution_count":0,"cell_type":"code","source":["/****** Object:  Index [IX_Order_BranchId]    Script Date: 9/23/2022 2:11:32 AM ******/\r\nCREATE NONCLUSTERED INDEX [IX_Order_BranchId] ON [dbo].[Order]\r\n(\r\n\t[BranchId] ASC\r\n)WITH (PAD_INDEX = OFF, STATISTICS_NORECOMPUTE = OFF, SORT_IN_TEMPDB = OFF, DROP_EXISTING = OFF, ONLINE = OFF, ALLOW_ROW_LOCKS = ON, ALLOW_PAGE_LOCKS = ON, OPTIMIZE_FOR_SEQUENTIAL_KEY = OFF) ON [PRIMARY]\r\n","GO\r\n"],"metadata":{"urn":"Server[@Name='LAPTOP-A1S3V5JM']/Database[@Name='Kokaz']/Table[@Name='Order' and @Schema='dbo']/Index[@Name='IX_Order_BranchId']","object_type":"Index"}},{"cell_type":"markdown","source":["# [IX_Order_NewOrderPlacedId]"],"metadata":{"urn":"Server[@Name='LAPTOP-A1S3V5JM']/Database[@Name='Kokaz']/Table[@Name='Order' and @Schema='dbo']/Index[@Name='IX_Order_NewOrderPlacedId']","object_type":"Index"}},{"outputs":[],"execution_count":0,"cell_type":"code","source":["/****** Object:  Index [IX_Order_NewOrderPlacedId]    Script Date: 9/23/2022 2:11:32 AM ******/\r\nCREATE NONCLUSTERED INDEX [IX_Order_NewOrderPlacedId] ON [dbo].[Order]\r\n(\r\n\t[NewOrderPlacedId] ASC\r\n)WITH (PAD_INDEX = OFF, STATISTICS_NORECOMPUTE = OFF, SORT_IN_TEMPDB = OFF, DROP_EXISTING = OFF, ONLINE = OFF, ALLOW_ROW_LOCKS = ON, ALLOW_PAGE_LOCKS = ON, OPTIMIZE_FOR_SEQUENTIAL_KEY = OFF) ON [PRIMARY]\r\n","GO\r\n"],"metadata":{"urn":"Server[@Name='LAPTOP-A1S3V5JM']/Database[@Name='Kokaz']/Table[@Name='Order' and @Schema='dbo']/Index[@Name='IX_Order_NewOrderPlacedId']","object_type":"Index"}},{"cell_type":"markdown","source":["# [IX_Order_SecondBranchId]"],"metadata":{"urn":"Server[@Name='LAPTOP-A1S3V5JM']/Database[@Name='Kokaz']/Table[@Name='Order' and @Schema='dbo']/Index[@Name='IX_Order_SecondBranchId']","object_type":"Index"}},{"outputs":[],"execution_count":0,"cell_type":"code","source":["/****** Object:  Index [IX_Order_SecondBranchId]    Script Date: 9/23/2022 2:11:32 AM ******/\r\nCREATE NONCLUSTERED INDEX [IX_Order_SecondBranchId] ON [dbo].[Order]\r\n(\r\n\t[SecondBranchId] ASC\r\n)WITH (PAD_INDEX = OFF, STATISTICS_NORECOMPUTE = OFF, SORT_IN_TEMPDB = OFF, DROP_EXISTING = OFF, ONLINE = OFF, ALLOW_ROW_LOCKS = ON, ALLOW_PAGE_LOCKS = ON, OPTIMIZE_FOR_SEQUENTIAL_KEY = OFF) ON [PRIMARY]\r\n","GO\r\n"],"metadata":{"urn":"Server[@Name='LAPTOP-A1S3V5JM']/Database[@Name='Kokaz']/Table[@Name='Order' and @Schema='dbo']/Index[@Name='IX_Order_SecondBranchId']","object_type":"Index"}},{"cell_type":"markdown","source":["# [IX_OrderType_BranchId]"],"metadata":{"urn":"Server[@Name='LAPTOP-A1S3V5JM']/Database[@Name='Kokaz']/Table[@Name='OrderType' and @Schema='dbo']/Index[@Name='IX_OrderType_BranchId']","object_type":"Index"}},{"outputs":[],"execution_count":0,"cell_type":"code","source":["/****** Object:  Index [IX_OrderType_BranchId]    Script Date: 9/23/2022 2:11:32 AM ******/\r\nCREATE NONCLUSTERED INDEX [IX_OrderType_BranchId] ON [dbo].[OrderType]\r\n(\r\n\t[BranchId] ASC\r\n)WITH (PAD_INDEX = OFF, STATISTICS_NORECOMPUTE = OFF, SORT_IN_TEMPDB = OFF, DROP_EXISTING = OFF, ONLINE = OFF, ALLOW_ROW_LOCKS = ON, ALLOW_PAGE_LOCKS = ON, OPTIMIZE_FOR_SEQUENTIAL_KEY = OFF) ON [PRIMARY]\r\n","GO\r\n"],"metadata":{"urn":"Server[@Name='LAPTOP-A1S3V5JM']/Database[@Name='Kokaz']/Table[@Name='OrderType' and @Schema='dbo']/Index[@Name='IX_OrderType_BranchId']","object_type":"Index"}},{"cell_type":"markdown","source":["# [IX_OutCome_BranchId]"],"metadata":{"urn":"Server[@Name='LAPTOP-A1S3V5JM']/Database[@Name='Kokaz']/Table[@Name='OutCome' and @Schema='dbo']/Index[@Name='IX_OutCome_BranchId']","object_type":"Index"}},{"outputs":[],"execution_count":0,"cell_type":"code","source":["/****** Object:  Index [IX_OutCome_BranchId]    Script Date: 9/23/2022 2:11:32 AM ******/\r\nCREATE NONCLUSTERED INDEX [IX_OutCome_BranchId] ON [dbo].[OutCome]\r\n(\r\n\t[BranchId] ASC\r\n)WITH (PAD_INDEX = OFF, STATISTICS_NORECOMPUTE = OFF, SORT_IN_TEMPDB = OFF, DROP_EXISTING = OFF, ONLINE = OFF, ALLOW_ROW_LOCKS = ON, ALLOW_PAGE_LOCKS = ON, OPTIMIZE_FOR_SEQUENTIAL_KEY = OFF) ON [PRIMARY]\r\n","GO\r\n"],"metadata":{"urn":"Server[@Name='LAPTOP-A1S3V5JM']/Database[@Name='Kokaz']/Table[@Name='OutCome' and @Schema='dbo']/Index[@Name='IX_OutCome_BranchId']","object_type":"Index"}},{"cell_type":"markdown","source":["# [IX_PaymentRequest_BranchId]"],"metadata":{"urn":"Server[@Name='LAPTOP-A1S3V5JM']/Database[@Name='Kokaz']/Table[@Name='PaymentRequest' and @Schema='dbo']/Index[@Name='IX_PaymentRequest_BranchId']","object_type":"Index"}},{"outputs":[],"execution_count":0,"cell_type":"code","source":["/****** Object:  Index [IX_PaymentRequest_BranchId]    Script Date: 9/23/2022 2:11:32 AM ******/\r\nCREATE NONCLUSTERED INDEX [IX_PaymentRequest_BranchId] ON [dbo].[PaymentRequest]\r\n(\r\n\t[BranchId] ASC\r\n)WITH (PAD_INDEX = OFF, STATISTICS_NORECOMPUTE = OFF, SORT_IN_TEMPDB = OFF, DROP_EXISTING = OFF, ONLINE = OFF, ALLOW_ROW_LOCKS = ON, ALLOW_PAGE_LOCKS = ON, OPTIMIZE_FOR_SEQUENTIAL_KEY = OFF) ON [PRIMARY]\r\n","GO\r\n"],"metadata":{"urn":"Server[@Name='LAPTOP-A1S3V5JM']/Database[@Name='Kokaz']/Table[@Name='PaymentRequest' and @Schema='dbo']/Index[@Name='IX_PaymentRequest_BranchId']","object_type":"Index"}},{"cell_type":"markdown","source":["# [IX_PaymentWay_BranchId]"],"metadata":{"urn":"Server[@Name='LAPTOP-A1S3V5JM']/Database[@Name='Kokaz']/Table[@Name='PaymentWay' and @Schema='dbo']/Index[@Name='IX_PaymentWay_BranchId']","object_type":"Index"}},{"outputs":[],"execution_count":0,"cell_type":"code","source":["/****** Object:  Index [IX_PaymentWay_BranchId]    Script Date: 9/23/2022 2:11:32 AM ******/\r\nCREATE NONCLUSTERED INDEX [IX_PaymentWay_BranchId] ON [dbo].[PaymentWay]\r\n(\r\n\t[BranchId] ASC\r\n)WITH (PAD_INDEX = OFF, STATISTICS_NORECOMPUTE = OFF, SORT_IN_TEMPDB = OFF, DROP_EXISTING = OFF, ONLINE = OFF, ALLOW_ROW_LOCKS = ON, ALLOW_PAGE_LOCKS = ON, OPTIMIZE_FOR_SEQUENTIAL_KEY = OFF) ON [PRIMARY]\r\n","GO\r\n"],"metadata":{"urn":"Server[@Name='LAPTOP-A1S3V5JM']/Database[@Name='Kokaz']/Table[@Name='PaymentWay' and @Schema='dbo']/Index[@Name='IX_PaymentWay_BranchId']","object_type":"Index"}},{"cell_type":"markdown","source":["# [UQ__PointsSe__DA826786DEED9987]"],"metadata":{"urn":"Server[@Name='LAPTOP-A1S3V5JM']/Database[@Name='Kokaz']/Table[@Name='PointsSetting' and @Schema='dbo']/Index[@Name='UQ__PointsSe__DA826786DEED9987']","object_type":"Index"}},{"outputs":[],"execution_count":0,"cell_type":"code","source":["/****** Object:  Index [UQ__PointsSe__DA826786DEED9987]    Script Date: 9/23/2022 2:11:32 AM ******/\r\nALTER TABLE [dbo].[PointsSetting] ADD UNIQUE NONCLUSTERED \r\n(\r\n\t[Points] ASC\r\n)WITH (PAD_INDEX = OFF, STATISTICS_NORECOMPUTE = OFF, SORT_IN_TEMPDB = OFF, IGNORE_DUP_KEY = OFF, ONLINE = OFF, ALLOW_ROW_LOCKS = ON, ALLOW_PAGE_LOCKS = ON, OPTIMIZE_FOR_SEQUENTIAL_KEY = OFF) ON [PRIMARY]\r\n","GO\r\n"],"metadata":{"urn":"Server[@Name='LAPTOP-A1S3V5JM']/Database[@Name='Kokaz']/Table[@Name='PointsSetting' and @Schema='dbo']/Index[@Name='UQ__PointsSe__DA826786DEED9987']","object_type":"Index"}},{"cell_type":"markdown","source":["# [UQ__PointsSe__FA951B46F413EE7C]"],"metadata":{"urn":"Server[@Name='LAPTOP-A1S3V5JM']/Database[@Name='Kokaz']/Table[@Name='PointsSetting' and @Schema='dbo']/Index[@Name='UQ__PointsSe__FA951B46F413EE7C']","object_type":"Index"}},{"outputs":[],"execution_count":0,"cell_type":"code","source":["/****** Object:  Index [UQ__PointsSe__FA951B46F413EE7C]    Script Date: 9/23/2022 2:11:32 AM ******/\r\nALTER TABLE [dbo].[PointsSetting] ADD UNIQUE NONCLUSTERED \r\n(\r\n\t[Money] ASC\r\n)WITH (PAD_INDEX = OFF, STATISTICS_NORECOMPUTE = OFF, SORT_IN_TEMPDB = OFF, IGNORE_DUP_KEY = OFF, ONLINE = OFF, ALLOW_ROW_LOCKS = ON, ALLOW_PAGE_LOCKS = ON, OPTIMIZE_FOR_SEQUENTIAL_KEY = OFF) ON [PRIMARY]\r\n","GO\r\n"],"metadata":{"urn":"Server[@Name='LAPTOP-A1S3V5JM']/Database[@Name='Kokaz']/Table[@Name='PointsSetting' and @Schema='dbo']/Index[@Name='UQ__PointsSe__FA951B46F413EE7C']","object_type":"Index"}},{"cell_type":"markdown","source":["# [IX_PointsSetting_BranchId]"],"metadata":{"urn":"Server[@Name='LAPTOP-A1S3V5JM']/Database[@Name='Kokaz']/Table[@Name='PointsSetting' and @Schema='dbo']/Index[@Name='IX_PointsSetting_BranchId']","object_type":"Index"}},{"outputs":[],"execution_count":0,"cell_type":"code","source":["/****** Object:  Index [IX_PointsSetting_BranchId]    Script Date: 9/23/2022 2:11:32 AM ******/\r\nCREATE NONCLUSTERED INDEX [IX_PointsSetting_BranchId] ON [dbo].[PointsSetting]\r\n(\r\n\t[BranchId] ASC\r\n)WITH (PAD_INDEX = OFF, STATISTICS_NORECOMPUTE = OFF, SORT_IN_TEMPDB = OFF, DROP_EXISTING = OFF, ONLINE = OFF, ALLOW_ROW_LOCKS = ON, ALLOW_PAGE_LOCKS = ON, OPTIMIZE_FOR_SEQUENTIAL_KEY = OFF) ON [PRIMARY]\r\n","GO\r\n"],"metadata":{"urn":"Server[@Name='LAPTOP-A1S3V5JM']/Database[@Name='Kokaz']/Table[@Name='PointsSetting' and @Schema='dbo']/Index[@Name='IX_PointsSetting_BranchId']","object_type":"Index"}},{"cell_type":"markdown","source":["# [IX_Receipt_BranchId]"],"metadata":{"urn":"Server[@Name='LAPTOP-A1S3V5JM']/Database[@Name='Kokaz']/Table[@Name='Receipt' and @Schema='dbo']/Index[@Name='IX_Receipt_BranchId']","object_type":"Index"}},{"outputs":[],"execution_count":0,"cell_type":"code","source":["/****** Object:  Index [IX_Receipt_BranchId]    Script Date: 9/23/2022 2:11:32 AM ******/\r\nCREATE NONCLUSTERED INDEX [IX_Receipt_BranchId] ON [dbo].[Receipt]\r\n(\r\n\t[BranchId] ASC\r\n)WITH (PAD_INDEX = OFF, STATISTICS_NORECOMPUTE = OFF, SORT_IN_TEMPDB = OFF, DROP_EXISTING = OFF, ONLINE = OFF, ALLOW_ROW_LOCKS = ON, ALLOW_PAGE_LOCKS = ON, OPTIMIZE_FOR_SEQUENTIAL_KEY = OFF) ON [PRIMARY]\r\n","GO\r\n"],"metadata":{"urn":"Server[@Name='LAPTOP-A1S3V5JM']/Database[@Name='Kokaz']/Table[@Name='Receipt' and @Schema='dbo']/Index[@Name='IX_Receipt_BranchId']","object_type":"Index"}},{"cell_type":"markdown","source":["# [IX_UserBranch_BranchId]"],"metadata":{"urn":"Server[@Name='LAPTOP-A1S3V5JM']/Database[@Name='Kokaz']/Table[@Name='UserBranch' and @Schema='dbo']/Index[@Name='IX_UserBranch_BranchId']","object_type":"Index"}},{"outputs":[],"execution_count":0,"cell_type":"code","source":["/****** Object:  Index [IX_UserBranch_BranchId]    Script Date: 9/23/2022 2:11:32 AM ******/\r\nCREATE NONCLUSTERED INDEX [IX_UserBranch_BranchId] ON [dbo].[UserBranch]\r\n(\r\n\t[BranchId] ASC\r\n)WITH (PAD_INDEX = OFF, STATISTICS_NORECOMPUTE = OFF, SORT_IN_TEMPDB = OFF, DROP_EXISTING = OFF, ONLINE = OFF, ALLOW_ROW_LOCKS = ON, ALLOW_PAGE_LOCKS = ON, OPTIMIZE_FOR_SEQUENTIAL_KEY = OFF) ON [PRIMARY]\r\n","GO\r\n"],"metadata":{"urn":"Server[@Name='LAPTOP-A1S3V5JM']/Database[@Name='Kokaz']/Table[@Name='UserBranch' and @Schema='dbo']/Index[@Name='IX_UserBranch_BranchId']","object_type":"Index"}},{"cell_type":"markdown","source":["# [IX_Users_BranchId]"],"metadata":{"urn":"Server[@Name='LAPTOP-A1S3V5JM']/Database[@Name='Kokaz']/Table[@Name='Users' and @Schema='dbo']/Index[@Name='IX_Users_BranchId']","object_type":"Index"}},{"outputs":[],"execution_count":0,"cell_type":"code","source":["/****** Object:  Index [IX_Users_BranchId]    Script Date: 9/23/2022 2:11:32 AM ******/\r\nCREATE NONCLUSTERED INDEX [IX_Users_BranchId] ON [dbo].[Users]\r\n(\r\n\t[BranchId] ASC\r\n)WITH (PAD_INDEX = OFF, STATISTICS_NORECOMPUTE = OFF, SORT_IN_TEMPDB = OFF, DROP_EXISTING = OFF, ONLINE = OFF, ALLOW_ROW_LOCKS = ON, ALLOW_PAGE_LOCKS = ON, OPTIMIZE_FOR_SEQUENTIAL_KEY = OFF) ON [PRIMARY]\r\n","GO\r\n"],"metadata":{"urn":"Server[@Name='LAPTOP-A1S3V5JM']/Database[@Name='Kokaz']/Table[@Name='Users' and @Schema='dbo']/Index[@Name='IX_Users_BranchId']","object_type":"Index"}},{"cell_type":"markdown","source":["# [DF__AgentPrin__Branc__19AACF41]"],"metadata":{"urn":"Server[@Name='LAPTOP-A1S3V5JM']/Database[@Name='Kokaz']/Table[@Name='AgentPrint' and @Schema='dbo']/Column[@Name='BranchId']/Default[@Name='DF__AgentPrin__Branc__19AACF41']","object_type":"Default"}},{"outputs":[],"execution_count":0,"cell_type":"code","source":["ALTER TABLE [dbo].[AgentPrint] ADD  DEFAULT ((2)) FOR [BranchId]\r\n","GO\r\n"],"metadata":{"urn":"Server[@Name='LAPTOP-A1S3V5JM']/Database[@Name='Kokaz']/Table[@Name='AgentPrint' and @Schema='dbo']/Column[@Name='BranchId']/Default[@Name='DF__AgentPrin__Branc__19AACF41']","object_type":"Default"}},{"cell_type":"markdown","source":["# [DF__ClientPay__Branc__0C50D423]"],"metadata":{"urn":"Server[@Name='LAPTOP-A1S3V5JM']/Database[@Name='Kokaz']/Table[@Name='ClientPayment' and @Schema='dbo']/Column[@Name='BranchId']/Default[@Name='DF__ClientPay__Branc__0C50D423']","object_type":"Default"}},{"outputs":[],"execution_count":0,"cell_type":"code","source":["ALTER TABLE [dbo].[ClientPayment] ADD  DEFAULT ((2)) FOR [BranchId]\r\n","GO\r\n"],"metadata":{"urn":"Server[@Name='LAPTOP-A1S3V5JM']/Database[@Name='Kokaz']/Table[@Name='ClientPayment' and @Schema='dbo']/Column[@Name='BranchId']/Default[@Name='DF__ClientPay__Branc__0C50D423']","object_type":"Default"}},{"cell_type":"markdown","source":["# [DF__Clients__Mail__787EE5A0]"],"metadata":{"urn":"Server[@Name='LAPTOP-A1S3V5JM']/Database[@Name='Kokaz']/Table[@Name='Clients' and @Schema='dbo']/Column[@Name='Mail']/Default[@Name='DF__Clients__Mail__787EE5A0']","object_type":"Default"}},{"outputs":[],"execution_count":0,"cell_type":"code","source":["ALTER TABLE [dbo].[Clients] ADD  DEFAULT (NULL) FOR [Mail]\r\n","GO\r\n"],"metadata":{"urn":"Server[@Name='LAPTOP-A1S3V5JM']/Database[@Name='Kokaz']/Table[@Name='Clients' and @Schema='dbo']/Column[@Name='Mail']/Default[@Name='DF__Clients__Mail__787EE5A0']","object_type":"Default"}},{"cell_type":"markdown","source":["# [DF__Clients__Points__797309D9]"],"metadata":{"urn":"Server[@Name='LAPTOP-A1S3V5JM']/Database[@Name='Kokaz']/Table[@Name='Clients' and @Schema='dbo']/Column[@Name='Points']/Default[@Name='DF__Clients__Points__797309D9']","object_type":"Default"}},{"outputs":[],"execution_count":0,"cell_type":"code","source":["ALTER TABLE [dbo].[Clients] ADD  DEFAULT ((0)) FOR [Points]\r\n","GO\r\n"],"metadata":{"urn":"Server[@Name='LAPTOP-A1S3V5JM']/Database[@Name='Kokaz']/Table[@Name='Clients' and @Schema='dbo']/Column[@Name='Points']/Default[@Name='DF__Clients__Points__797309D9']","object_type":"Default"}},{"cell_type":"markdown","source":["# [DF__Clients__BranchI__76619304]"],"metadata":{"urn":"Server[@Name='LAPTOP-A1S3V5JM']/Database[@Name='Kokaz']/Table[@Name='Clients' and @Schema='dbo']/Column[@Name='BranchId']/Default[@Name='DF__Clients__BranchI__76619304']","object_type":"Default"}},{"outputs":[],"execution_count":0,"cell_type":"code","source":["ALTER TABLE [dbo].[Clients] ADD  DEFAULT ((2)) FOR [BranchId]\r\n","GO\r\n"],"metadata":{"urn":"Server[@Name='LAPTOP-A1S3V5JM']/Database[@Name='Kokaz']/Table[@Name='Clients' and @Schema='dbo']/Column[@Name='BranchId']/Default[@Name='DF__Clients__BranchI__76619304']","object_type":"Default"}},{"cell_type":"markdown","source":["# [DF__Country__mediato__73852659]"],"metadata":{"urn":"Server[@Name='LAPTOP-A1S3V5JM']/Database[@Name='Kokaz']/Table[@Name='Country' and @Schema='dbo']/Column[@Name='mediatorId']/Default[@Name='DF__Country__mediato__73852659']","object_type":"Default"}},{"outputs":[],"execution_count":0,"cell_type":"code","source":["ALTER TABLE [dbo].[Country] ADD  CONSTRAINT [DF__Country__mediato__73852659]  DEFAULT (NULL) FOR [mediatorId]\r\n","GO\r\n"],"metadata":{"urn":"Server[@Name='LAPTOP-A1S3V5JM']/Database[@Name='Kokaz']/Table[@Name='Country' and @Schema='dbo']/Column[@Name='mediatorId']/Default[@Name='DF__Country__mediato__73852659']","object_type":"Default"}},{"cell_type":"markdown","source":["# [DF__Country__IsMain__1A9EF37A]"],"metadata":{"urn":"Server[@Name='LAPTOP-A1S3V5JM']/Database[@Name='Kokaz']/Table[@Name='Country' and @Schema='dbo']/Column[@Name='IsMain']/Default[@Name='DF__Country__IsMain__1A9EF37A']","object_type":"Default"}},{"outputs":[],"execution_count":0,"cell_type":"code","source":["ALTER TABLE [dbo].[Country] ADD  CONSTRAINT [DF__Country__IsMain__1A9EF37A]  DEFAULT ((0)) FOR [IsMain]\r\n","GO\r\n"],"metadata":{"urn":"Server[@Name='LAPTOP-A1S3V5JM']/Database[@Name='Kokaz']/Table[@Name='Country' and @Schema='dbo']/Column[@Name='IsMain']/Default[@Name='DF__Country__IsMain__1A9EF37A']","object_type":"Default"}},{"cell_type":"markdown","source":["# [DF__Country__Points__7C4F7684]"],"metadata":{"urn":"Server[@Name='LAPTOP-A1S3V5JM']/Database[@Name='Kokaz']/Table[@Name='Country' and @Schema='dbo']/Column[@Name='Points']/Default[@Name='DF__Country__Points__7C4F7684']","object_type":"Default"}},{"outputs":[],"execution_count":0,"cell_type":"code","source":["ALTER TABLE [dbo].[Country] ADD  DEFAULT ((0)) FOR [Points]\r\n","GO\r\n"],"metadata":{"urn":"Server[@Name='LAPTOP-A1S3V5JM']/Database[@Name='Kokaz']/Table[@Name='Country' and @Schema='dbo']/Column[@Name='Points']/Default[@Name='DF__Country__Points__7C4F7684']","object_type":"Default"}},{"cell_type":"markdown","source":["# [DF__DisAccept__Updat__7D439ABD]"],"metadata":{"urn":"Server[@Name='LAPTOP-A1S3V5JM']/Database[@Name='Kokaz']/Table[@Name='DisAcceptOrder' and @Schema='dbo']/Column[@Name='UpdatedBy']/Default[@Name='DF__DisAccept__Updat__7D439ABD']","object_type":"Default"}},{"outputs":[],"execution_count":0,"cell_type":"code","source":["ALTER TABLE [dbo].[DisAcceptOrder] ADD  DEFAULT (NULL) FOR [UpdatedBy]\r\n","GO\r\n"],"metadata":{"urn":"Server[@Name='LAPTOP-A1S3V5JM']/Database[@Name='Kokaz']/Table[@Name='DisAcceptOrder' and @Schema='dbo']/Column[@Name='UpdatedBy']/Default[@Name='DF__DisAccept__Updat__7D439ABD']","object_type":"Default"}},{"cell_type":"markdown","source":["# [DF__DisAccept__Updat__7E37BEF6]"],"metadata":{"urn":"Server[@Name='LAPTOP-A1S3V5JM']/Database[@Name='Kokaz']/Table[@Name='DisAcceptOrder' and @Schema='dbo']/Column[@Name='UpdatedDate']/Default[@Name='DF__DisAccept__Updat__7E37BEF6']","object_type":"Default"}},{"outputs":[],"execution_count":0,"cell_type":"code","source":["ALTER TABLE [dbo].[DisAcceptOrder] ADD  DEFAULT (NULL) FOR [UpdatedDate]\r\n","GO\r\n"],"metadata":{"urn":"Server[@Name='LAPTOP-A1S3V5JM']/Database[@Name='Kokaz']/Table[@Name='DisAcceptOrder' and @Schema='dbo']/Column[@Name='UpdatedDate']/Default[@Name='DF__DisAccept__Updat__7E37BEF6']","object_type":"Default"}},{"cell_type":"markdown","source":["# [DF__DisAccept__Branc__0B5CAFEA]"],"metadata":{"urn":"Server[@Name='LAPTOP-A1S3V5JM']/Database[@Name='Kokaz']/Table[@Name='DisAcceptOrder' and @Schema='dbo']/Column[@Name='BranchId']/Default[@Name='DF__DisAccept__Branc__0B5CAFEA']","object_type":"Default"}},{"outputs":[],"execution_count":0,"cell_type":"code","source":["ALTER TABLE [dbo].[DisAcceptOrder] ADD  DEFAULT ((2)) FOR [BranchId]\r\n","GO\r\n"],"metadata":{"urn":"Server[@Name='LAPTOP-A1S3V5JM']/Database[@Name='Kokaz']/Table[@Name='DisAcceptOrder' and @Schema='dbo']/Column[@Name='BranchId']/Default[@Name='DF__DisAccept__Branc__0B5CAFEA']","object_type":"Default"}},{"cell_type":"markdown","source":["# [DF__EditReque__Branc__3FD07829]"],"metadata":{"urn":"Server[@Name='LAPTOP-A1S3V5JM']/Database[@Name='Kokaz']/Table[@Name='EditRequest' and @Schema='dbo']/Column[@Name='BranchId']/Default[@Name='DF__EditReque__Branc__3FD07829']","object_type":"Default"}},{"outputs":[],"execution_count":0,"cell_type":"code","source":["ALTER TABLE [dbo].[EditRequest] ADD  DEFAULT ((2)) FOR [BranchId]\r\n","GO\r\n"],"metadata":{"urn":"Server[@Name='LAPTOP-A1S3V5JM']/Database[@Name='Kokaz']/Table[@Name='EditRequest' and @Schema='dbo']/Column[@Name='BranchId']/Default[@Name='DF__EditReque__Branc__3FD07829']","object_type":"Default"}},{"cell_type":"markdown","source":["# [DF__Income__BranchId__65F62111]"],"metadata":{"urn":"Server[@Name='LAPTOP-A1S3V5JM']/Database[@Name='Kokaz']/Table[@Name='Income' and @Schema='dbo']/Column[@Name='BranchId']/Default[@Name='DF__Income__BranchId__65F62111']","object_type":"Default"}},{"outputs":[],"execution_count":0,"cell_type":"code","source":["ALTER TABLE [dbo].[Income] ADD  DEFAULT ((2)) FOR [BranchId]\r\n","GO\r\n"],"metadata":{"urn":"Server[@Name='LAPTOP-A1S3V5JM']/Database[@Name='Kokaz']/Table[@Name='Income' and @Schema='dbo']/Column[@Name='BranchId']/Default[@Name='DF__Income__BranchId__65F62111']","object_type":"Default"}},{"cell_type":"markdown","source":["# [DF__Market__IsActive__7F2BE32F]"],"metadata":{"urn":"Server[@Name='LAPTOP-A1S3V5JM']/Database[@Name='Kokaz']/Table[@Name='Market' and @Schema='dbo']/Column[@Name='IsActive']/Default[@Name='DF__Market__IsActive__7F2BE32F']","object_type":"Default"}},{"outputs":[],"execution_count":0,"cell_type":"code","source":["ALTER TABLE [dbo].[Market] ADD  DEFAULT ((0)) FOR [IsActive]\r\n","GO\r\n"],"metadata":{"urn":"Server[@Name='LAPTOP-A1S3V5JM']/Database[@Name='Kokaz']/Table[@Name='Market' and @Schema='dbo']/Column[@Name='IsActive']/Default[@Name='DF__Market__IsActive__7F2BE32F']","object_type":"Default"}},{"cell_type":"markdown","source":["# [DF__Notficati__IsSee__00200768]"],"metadata":{"urn":"Server[@Name='LAPTOP-A1S3V5JM']/Database[@Name='Kokaz']/Table[@Name='Notfication' and @Schema='dbo']/Column[@Name='IsSeen']/Default[@Name='DF__Notficati__IsSee__00200768']","object_type":"Default"}},{"outputs":[],"execution_count":0,"cell_type":"code","source":["ALTER TABLE [dbo].[Notfication] ADD  DEFAULT ((0)) FOR [IsSeen]\r\n","GO\r\n"],"metadata":{"urn":"Server[@Name='LAPTOP-A1S3V5JM']/Database[@Name='Kokaz']/Table[@Name='Notfication' and @Schema='dbo']/Column[@Name='IsSeen']/Default[@Name='DF__Notficati__IsSee__00200768']","object_type":"Default"}},{"cell_type":"markdown","source":["# [DF__Order__UpdatedBy__2E1BDC42]"],"metadata":{"urn":"Server[@Name='LAPTOP-A1S3V5JM']/Database[@Name='Kokaz']/Table[@Name='Order' and @Schema='dbo']/Column[@Name='UpdatedBy']/Default[@Name='DF__Order__UpdatedBy__2E1BDC42']","object_type":"Default"}},{"outputs":[],"execution_count":0,"cell_type":"code","source":["ALTER TABLE [dbo].[Order] ADD  CONSTRAINT [DF__Order__UpdatedBy__2E1BDC42]  DEFAULT (NULL) FOR [UpdatedBy]\r\n","GO\r\n"],"metadata":{"urn":"Server[@Name='LAPTOP-A1S3V5JM']/Database[@Name='Kokaz']/Table[@Name='Order' and @Schema='dbo']/Column[@Name='UpdatedBy']/Default[@Name='DF__Order__UpdatedBy__2E1BDC42']","object_type":"Default"}},{"cell_type":"markdown","source":["# [DF__Order__UpdatedDa__2F10007B]"],"metadata":{"urn":"Server[@Name='LAPTOP-A1S3V5JM']/Database[@Name='Kokaz']/Table[@Name='Order' and @Schema='dbo']/Column[@Name='UpdatedDate']/Default[@Name='DF__Order__UpdatedDa__2F10007B']","object_type":"Default"}},{"outputs":[],"execution_count":0,"cell_type":"code","source":["ALTER TABLE [dbo].[Order] ADD  CONSTRAINT [DF__Order__UpdatedDa__2F10007B]  DEFAULT (NULL) FOR [UpdatedDate]\r\n","GO\r\n"],"metadata":{"urn":"Server[@Name='LAPTOP-A1S3V5JM']/Database[@Name='Kokaz']/Table[@Name='Order' and @Schema='dbo']/Column[@Name='UpdatedDate']/Default[@Name='DF__Order__UpdatedDa__2F10007B']","object_type":"Default"}},{"cell_type":"markdown","source":["# [DF__Order__SystemNot__300424B4]"],"metadata":{"urn":"Server[@Name='LAPTOP-A1S3V5JM']/Database[@Name='Kokaz']/Table[@Name='Order' and @Schema='dbo']/Column[@Name='SystemNote']/Default[@Name='DF__Order__SystemNot__300424B4']","object_type":"Default"}},{"outputs":[],"execution_count":0,"cell_type":"code","source":["ALTER TABLE [dbo].[Order] ADD  CONSTRAINT [DF__Order__SystemNot__300424B4]  DEFAULT (NULL) FOR [SystemNote]\r\n","GO\r\n"],"metadata":{"urn":"Server[@Name='LAPTOP-A1S3V5JM']/Database[@Name='Kokaz']/Table[@Name='Order' and @Schema='dbo']/Column[@Name='SystemNote']/Default[@Name='DF__Order__SystemNot__300424B4']","object_type":"Default"}},{"cell_type":"markdown","source":["# [DF__Order__IsSend__30F848ED]"],"metadata":{"urn":"Server[@Name='LAPTOP-A1S3V5JM']/Database[@Name='Kokaz']/Table[@Name='Order' and @Schema='dbo']/Column[@Name='IsSend']/Default[@Name='DF__Order__IsSend__30F848ED']","object_type":"Default"}},{"outputs":[],"execution_count":0,"cell_type":"code","source":["ALTER TABLE [dbo].[Order] ADD  CONSTRAINT [DF__Order__IsSend__30F848ED]  DEFAULT (NULL) FOR [IsSend]\r\n","GO\r\n"],"metadata":{"urn":"Server[@Name='LAPTOP-A1S3V5JM']/Database[@Name='Kokaz']/Table[@Name='Order' and @Schema='dbo']/Column[@Name='IsSend']/Default[@Name='DF__Order__IsSend__30F848ED']","object_type":"Default"}},{"cell_type":"markdown","source":["# [DF__Order__CurrentCo__0697FACD]"],"metadata":{"urn":"Server[@Name='LAPTOP-A1S3V5JM']/Database[@Name='Kokaz']/Table[@Name='Order' and @Schema='dbo']/Column[@Name='CurrentCountry']/Default[@Name='DF__Order__CurrentCo__0697FACD']","object_type":"Default"}},{"outputs":[],"execution_count":0,"cell_type":"code","source":["ALTER TABLE [dbo].[Order] ADD  CONSTRAINT [DF__Order__CurrentCo__0697FACD]  DEFAULT (NULL) FOR [CurrentCountry]\r\n","GO\r\n"],"metadata":{"urn":"Server[@Name='LAPTOP-A1S3V5JM']/Database[@Name='Kokaz']/Table[@Name='Order' and @Schema='dbo']/Column[@Name='CurrentCountry']/Default[@Name='DF__Order__CurrentCo__0697FACD']","object_type":"Default"}},{"cell_type":"markdown","source":["# [DF__Order__PrintedTi__05D8E0BE]"],"metadata":{"urn":"Server[@Name='LAPTOP-A1S3V5JM']/Database[@Name='Kokaz']/Table[@Name='Order' and @Schema='dbo']/Column[@Name='PrintedTimes']/Default[@Name='DF__Order__PrintedTi__05D8E0BE']","object_type":"Default"}},{"outputs":[],"execution_count":0,"cell_type":"code","source":["ALTER TABLE [dbo].[Order] ADD  DEFAULT ((0)) FOR [PrintedTimes]\r\n","GO\r\n"],"metadata":{"urn":"Server[@Name='LAPTOP-A1S3V5JM']/Database[@Name='Kokaz']/Table[@Name='Order' and @Schema='dbo']/Column[@Name='PrintedTimes']/Default[@Name='DF__Order__PrintedTi__05D8E0BE']","object_type":"Default"}},{"cell_type":"markdown","source":["# [DF__Order__AgentRequ__06CD04F7]"],"metadata":{"urn":"Server[@Name='LAPTOP-A1S3V5JM']/Database[@Name='Kokaz']/Table[@Name='Order' and @Schema='dbo']/Column[@Name='AgentRequestStatus']/Default[@Name='DF__Order__AgentRequ__06CD04F7']","object_type":"Default"}},{"outputs":[],"execution_count":0,"cell_type":"code","source":["ALTER TABLE [dbo].[Order] ADD  DEFAULT ((0)) FOR [AgentRequestStatus]\r\n","GO\r\n"],"metadata":{"urn":"Server[@Name='LAPTOP-A1S3V5JM']/Database[@Name='Kokaz']/Table[@Name='Order' and @Schema='dbo']/Column[@Name='AgentRequestStatus']/Default[@Name='DF__Order__AgentRequ__06CD04F7']","object_type":"Default"}},{"cell_type":"markdown","source":["# [DF__Order__BranchId__0A688BB1]"],"metadata":{"urn":"Server[@Name='LAPTOP-A1S3V5JM']/Database[@Name='Kokaz']/Table[@Name='Order' and @Schema='dbo']/Column[@Name='BranchId']/Default[@Name='DF__Order__BranchId__0A688BB1']","object_type":"Default"}},{"outputs":[],"execution_count":0,"cell_type":"code","source":["ALTER TABLE [dbo].[Order] ADD  DEFAULT ((2)) FOR [BranchId]\r\n","GO\r\n"],"metadata":{"urn":"Server[@Name='LAPTOP-A1S3V5JM']/Database[@Name='Kokaz']/Table[@Name='Order' and @Schema='dbo']/Column[@Name='BranchId']/Default[@Name='DF__Order__BranchId__0A688BB1']","object_type":"Default"}},{"cell_type":"markdown","source":["# [DF__OrderLog__System__07C12930]"],"metadata":{"urn":"Server[@Name='LAPTOP-A1S3V5JM']/Database[@Name='Kokaz']/Table[@Name='OrderLog' and @Schema='dbo']/Column[@Name='SystemNote']/Default[@Name='DF__OrderLog__System__07C12930']","object_type":"Default"}},{"outputs":[],"execution_count":0,"cell_type":"code","source":["ALTER TABLE [dbo].[OrderLog] ADD  DEFAULT (NULL) FOR [SystemNote]\r\n","GO\r\n"],"metadata":{"urn":"Server[@Name='LAPTOP-A1S3V5JM']/Database[@Name='Kokaz']/Table[@Name='OrderLog' and @Schema='dbo']/Column[@Name='SystemNote']/Default[@Name='DF__OrderLog__System__07C12930']","object_type":"Default"}},{"cell_type":"markdown","source":["# [DF__OrderType__Branc__3EDC53F0]"],"metadata":{"urn":"Server[@Name='LAPTOP-A1S3V5JM']/Database[@Name='Kokaz']/Table[@Name='OrderType' and @Schema='dbo']/Column[@Name='BranchId']/Default[@Name='DF__OrderType__Branc__3EDC53F0']","object_type":"Default"}},{"outputs":[],"execution_count":0,"cell_type":"code","source":["ALTER TABLE [dbo].[OrderType] ADD  DEFAULT ((2)) FOR [BranchId]\r\n","GO\r\n"],"metadata":{"urn":"Server[@Name='LAPTOP-A1S3V5JM']/Database[@Name='Kokaz']/Table[@Name='OrderType' and @Schema='dbo']/Column[@Name='BranchId']/Default[@Name='DF__OrderType__Branc__3EDC53F0']","object_type":"Default"}},{"cell_type":"markdown","source":["# [DF__OutCome__BranchI__3DE82FB7]"],"metadata":{"urn":"Server[@Name='LAPTOP-A1S3V5JM']/Database[@Name='Kokaz']/Table[@Name='OutCome' and @Schema='dbo']/Column[@Name='BranchId']/Default[@Name='DF__OutCome__BranchI__3DE82FB7']","object_type":"Default"}},{"outputs":[],"execution_count":0,"cell_type":"code","source":["ALTER TABLE [dbo].[OutCome] ADD  DEFAULT ((2)) FOR [BranchId]\r\n","GO\r\n"],"metadata":{"urn":"Server[@Name='LAPTOP-A1S3V5JM']/Database[@Name='Kokaz']/Table[@Name='OutCome' and @Schema='dbo']/Column[@Name='BranchId']/Default[@Name='DF__OutCome__BranchI__3DE82FB7']","object_type":"Default"}},{"cell_type":"markdown","source":["# [DF__PaymentRe__Branc__3CF40B7E]"],"metadata":{"urn":"Server[@Name='LAPTOP-A1S3V5JM']/Database[@Name='Kokaz']/Table[@Name='PaymentRequest' and @Schema='dbo']/Column[@Name='BranchId']/Default[@Name='DF__PaymentRe__Branc__3CF40B7E']","object_type":"Default"}},{"outputs":[],"execution_count":0,"cell_type":"code","source":["ALTER TABLE [dbo].[PaymentRequest] ADD  DEFAULT ((2)) FOR [BranchId]\r\n","GO\r\n"],"metadata":{"urn":"Server[@Name='LAPTOP-A1S3V5JM']/Database[@Name='Kokaz']/Table[@Name='PaymentRequest' and @Schema='dbo']/Column[@Name='BranchId']/Default[@Name='DF__PaymentRe__Branc__3CF40B7E']","object_type":"Default"}},{"cell_type":"markdown","source":["# [DF__PaymentWa__Branc__3BFFE745]"],"metadata":{"urn":"Server[@Name='LAPTOP-A1S3V5JM']/Database[@Name='Kokaz']/Table[@Name='PaymentWay' and @Schema='dbo']/Column[@Name='BranchId']/Default[@Name='DF__PaymentWa__Branc__3BFFE745']","object_type":"Default"}},{"outputs":[],"execution_count":0,"cell_type":"code","source":["ALTER TABLE [dbo].[PaymentWay] ADD  DEFAULT ((2)) FOR [BranchId]\r\n","GO\r\n"],"metadata":{"urn":"Server[@Name='LAPTOP-A1S3V5JM']/Database[@Name='Kokaz']/Table[@Name='PaymentWay' and @Schema='dbo']/Column[@Name='BranchId']/Default[@Name='DF__PaymentWa__Branc__3BFFE745']","object_type":"Default"}},{"cell_type":"markdown","source":["# [DF__PointsSet__Branc__1C873BEC]"],"metadata":{"urn":"Server[@Name='LAPTOP-A1S3V5JM']/Database[@Name='Kokaz']/Table[@Name='PointsSetting' and @Schema='dbo']/Column[@Name='BranchId']/Default[@Name='DF__PointsSet__Branc__1C873BEC']","object_type":"Default"}},{"outputs":[],"execution_count":0,"cell_type":"code","source":["ALTER TABLE [dbo].[PointsSetting] ADD  DEFAULT ((2)) FOR [BranchId]\r\n","GO\r\n"],"metadata":{"urn":"Server[@Name='LAPTOP-A1S3V5JM']/Database[@Name='Kokaz']/Table[@Name='PointsSetting' and @Schema='dbo']/Column[@Name='BranchId']/Default[@Name='DF__PointsSet__Branc__1C873BEC']","object_type":"Default"}},{"cell_type":"markdown","source":["# [DF__Receipt__BranchI__54CB950F]"],"metadata":{"urn":"Server[@Name='LAPTOP-A1S3V5JM']/Database[@Name='Kokaz']/Table[@Name='Receipt' and @Schema='dbo']/Column[@Name='BranchId']/Default[@Name='DF__Receipt__BranchI__54CB950F']","object_type":"Default"}},{"outputs":[],"execution_count":0,"cell_type":"code","source":["ALTER TABLE [dbo].[Receipt] ADD  DEFAULT ((2)) FOR [BranchId]\r\n","GO\r\n"],"metadata":{"urn":"Server[@Name='LAPTOP-A1S3V5JM']/Database[@Name='Kokaz']/Table[@Name='Receipt' and @Schema='dbo']/Column[@Name='BranchId']/Default[@Name='DF__Receipt__BranchI__54CB950F']","object_type":"Default"}},{"cell_type":"markdown","source":["# [FK_AgentCountr_Country]"],"metadata":{"urn":"Server[@Name='LAPTOP-A1S3V5JM']/Database[@Name='Kokaz']/Table[@Name='AgentCountry' and @Schema='dbo']/ForeignKey[@Name='FK_AgentCountr_Country']","object_type":"ForeignKey"}},{"outputs":[],"execution_count":0,"cell_type":"code","source":["ALTER TABLE [dbo].[AgentCountry]  WITH CHECK ADD  CONSTRAINT [FK_AgentCountr_Country] FOREIGN KEY([CountryId])\r\nREFERENCES [dbo].[Country] ([Id])\r\nON DELETE CASCADE\r\n","GO\r\n","ALTER TABLE [dbo].[AgentCountry] CHECK CONSTRAINT [FK_AgentCountr_Country]\r\n","GO\r\n"],"metadata":{"urn":"Server[@Name='LAPTOP-A1S3V5JM']/Database[@Name='Kokaz']/Table[@Name='AgentCountry' and @Schema='dbo']/ForeignKey[@Name='FK_AgentCountr_Country']","object_type":"ForeignKey"}},{"cell_type":"markdown","source":["# [FK_AgentCountr_Users]"],"metadata":{"urn":"Server[@Name='LAPTOP-A1S3V5JM']/Database[@Name='Kokaz']/Table[@Name='AgentCountry' and @Schema='dbo']/ForeignKey[@Name='FK_AgentCountr_Users']","object_type":"ForeignKey"}},{"outputs":[],"execution_count":0,"cell_type":"code","source":["ALTER TABLE [dbo].[AgentCountry]  WITH CHECK ADD  CONSTRAINT [FK_AgentCountr_Users] FOREIGN KEY([AgentId])\r\nREFERENCES [dbo].[Users] ([Id])\r\nON DELETE CASCADE\r\n","GO\r\n","ALTER TABLE [dbo].[AgentCountry] CHECK CONSTRAINT [FK_AgentCountr_Users]\r\n","GO\r\n"],"metadata":{"urn":"Server[@Name='LAPTOP-A1S3V5JM']/Database[@Name='Kokaz']/Table[@Name='AgentCountry' and @Schema='dbo']/ForeignKey[@Name='FK_AgentCountr_Users']","object_type":"ForeignKey"}},{"cell_type":"markdown","source":["# [FK__AgentOrde__Agent__0A9D95DB]"],"metadata":{"urn":"Server[@Name='LAPTOP-A1S3V5JM']/Database[@Name='Kokaz']/Table[@Name='AgentOrderPrint' and @Schema='dbo']/ForeignKey[@Name='FK__AgentOrde__Agent__0A9D95DB']","object_type":"ForeignKey"}},{"outputs":[],"execution_count":0,"cell_type":"code","source":["ALTER TABLE [dbo].[AgentOrderPrint]  WITH CHECK ADD FOREIGN KEY([AgentPrintId])\r\nREFERENCES [dbo].[AgentPrint] ([Id])\r\n","GO\r\n"],"metadata":{"urn":"Server[@Name='LAPTOP-A1S3V5JM']/Database[@Name='Kokaz']/Table[@Name='AgentOrderPrint' and @Schema='dbo']/ForeignKey[@Name='FK__AgentOrde__Agent__0A9D95DB']","object_type":"ForeignKey"}},{"cell_type":"markdown","source":["# [FK__AgentOrde__Order__0B91BA14]"],"metadata":{"urn":"Server[@Name='LAPTOP-A1S3V5JM']/Database[@Name='Kokaz']/Table[@Name='AgentOrderPrint' and @Schema='dbo']/ForeignKey[@Name='FK__AgentOrde__Order__0B91BA14']","object_type":"ForeignKey"}},{"outputs":[],"execution_count":0,"cell_type":"code","source":["ALTER TABLE [dbo].[AgentOrderPrint]  WITH CHECK ADD FOREIGN KEY([OrderId])\r\nREFERENCES [dbo].[Order] ([Id])\r\n","GO\r\n"],"metadata":{"urn":"Server[@Name='LAPTOP-A1S3V5JM']/Database[@Name='Kokaz']/Table[@Name='AgentOrderPrint' and @Schema='dbo']/ForeignKey[@Name='FK__AgentOrde__Order__0B91BA14']","object_type":"ForeignKey"}},{"cell_type":"markdown","source":["# [FK_AgentPrint_Branches_BranchId]"],"metadata":{"urn":"Server[@Name='LAPTOP-A1S3V5JM']/Database[@Name='Kokaz']/Table[@Name='AgentPrint' and @Schema='dbo']/ForeignKey[@Name='FK_AgentPrint_Branches_BranchId']","object_type":"ForeignKey"}},{"outputs":[],"execution_count":0,"cell_type":"code","source":["ALTER TABLE [dbo].[AgentPrint]  WITH CHECK ADD  CONSTRAINT [FK_AgentPrint_Branches_BranchId] FOREIGN KEY([BranchId])\r\nREFERENCES [dbo].[Branches] ([Id])\r\nON DELETE CASCADE\r\n","GO\r\n","ALTER TABLE [dbo].[AgentPrint] CHECK CONSTRAINT [FK_AgentPrint_Branches_BranchId]\r\n","GO\r\n"],"metadata":{"urn":"Server[@Name='LAPTOP-A1S3V5JM']/Database[@Name='Kokaz']/Table[@Name='AgentPrint' and @Schema='dbo']/ForeignKey[@Name='FK_AgentPrint_Branches_BranchId']","object_type":"ForeignKey"}},{"cell_type":"markdown","source":["# [FK__AgentPrin__Agent__0C85DE4D]"],"metadata":{"urn":"Server[@Name='LAPTOP-A1S3V5JM']/Database[@Name='Kokaz']/Table[@Name='AgentPrintDetails' and @Schema='dbo']/ForeignKey[@Name='FK__AgentPrin__Agent__0C85DE4D']","object_type":"ForeignKey"}},{"outputs":[],"execution_count":0,"cell_type":"code","source":["ALTER TABLE [dbo].[AgentPrintDetails]  WITH CHECK ADD FOREIGN KEY([AgentPrintId])\r\nREFERENCES [dbo].[AgentPrint] ([Id])\r\n","GO\r\n"],"metadata":{"urn":"Server[@Name='LAPTOP-A1S3V5JM']/Database[@Name='Kokaz']/Table[@Name='AgentPrintDetails' and @Schema='dbo']/ForeignKey[@Name='FK__AgentPrin__Agent__0C85DE4D']","object_type":"ForeignKey"}},{"cell_type":"markdown","source":["# [FK_Branches_Country_CountryId]"],"metadata":{"urn":"Server[@Name='LAPTOP-A1S3V5JM']/Database[@Name='Kokaz']/Table[@Name='Branches' and @Schema='dbo']/ForeignKey[@Name='FK_Branches_Country_CountryId']","object_type":"ForeignKey"}},{"outputs":[],"execution_count":0,"cell_type":"code","source":["ALTER TABLE [dbo].[Branches]  WITH CHECK ADD  CONSTRAINT [FK_Branches_Country_CountryId] FOREIGN KEY([CountryId])\r\nREFERENCES [dbo].[Country] ([Id])\r\nON DELETE CASCADE\r\n","GO\r\n","ALTER TABLE [dbo].[Branches] CHECK CONSTRAINT [FK_Branches_Country_CountryId]\r\n","GO\r\n"],"metadata":{"urn":"Server[@Name='LAPTOP-A1S3V5JM']/Database[@Name='Kokaz']/Table[@Name='Branches' and @Schema='dbo']/ForeignKey[@Name='FK_Branches_Country_CountryId']","object_type":"ForeignKey"}},{"cell_type":"markdown","source":["# [FK__CashMovme__Treas__10566F31]"],"metadata":{"urn":"Server[@Name='LAPTOP-A1S3V5JM']/Database[@Name='Kokaz']/Table[@Name='CashMovment' and @Schema='dbo']/ForeignKey[@Name='FK__CashMovme__Treas__10566F31']","object_type":"ForeignKey"}},{"outputs":[],"execution_count":0,"cell_type":"code","source":["ALTER TABLE [dbo].[CashMovment]  WITH CHECK ADD FOREIGN KEY([TreasuryId])\r\nREFERENCES [dbo].[Treasury] ([Id])\r\n","GO\r\n"],"metadata":{"urn":"Server[@Name='LAPTOP-A1S3V5JM']/Database[@Name='Kokaz']/Table[@Name='CashMovment' and @Schema='dbo']/ForeignKey[@Name='FK__CashMovme__Treas__10566F31']","object_type":"ForeignKey"}},{"cell_type":"markdown","source":["# [FK_ClientPayment_Branches_BranchId]"],"metadata":{"urn":"Server[@Name='LAPTOP-A1S3V5JM']/Database[@Name='Kokaz']/Table[@Name='ClientPayment' and @Schema='dbo']/ForeignKey[@Name='FK_ClientPayment_Branches_BranchId']","object_type":"ForeignKey"}},{"outputs":[],"execution_count":0,"cell_type":"code","source":["ALTER TABLE [dbo].[ClientPayment]  WITH CHECK ADD  CONSTRAINT [FK_ClientPayment_Branches_BranchId] FOREIGN KEY([BranchId])\r\nREFERENCES [dbo].[Branches] ([Id])\r\nON DELETE CASCADE\r\n","GO\r\n","ALTER TABLE [dbo].[ClientPayment] CHECK CONSTRAINT [FK_ClientPayment_Branches_BranchId]\r\n","GO\r\n"],"metadata":{"urn":"Server[@Name='LAPTOP-A1S3V5JM']/Database[@Name='Kokaz']/Table[@Name='ClientPayment' and @Schema='dbo']/ForeignKey[@Name='FK_ClientPayment_Branches_BranchId']","object_type":"ForeignKey"}},{"cell_type":"markdown","source":["# [FK__ClientPay__Clien__114A936A]"],"metadata":{"urn":"Server[@Name='LAPTOP-A1S3V5JM']/Database[@Name='Kokaz']/Table[@Name='ClientPaymentDetails' and @Schema='dbo']/ForeignKey[@Name='FK__ClientPay__Clien__114A936A']","object_type":"ForeignKey"}},{"outputs":[],"execution_count":0,"cell_type":"code","source":["ALTER TABLE [dbo].[ClientPaymentDetails]  WITH CHECK ADD FOREIGN KEY([ClientPaymentId])\r\nREFERENCES [dbo].[ClientPayment] ([Id])\r\n","GO\r\n"],"metadata":{"urn":"Server[@Name='LAPTOP-A1S3V5JM']/Database[@Name='Kokaz']/Table[@Name='ClientPaymentDetails' and @Schema='dbo']/ForeignKey[@Name='FK__ClientPay__Clien__114A936A']","object_type":"ForeignKey"}},{"cell_type":"markdown","source":["# [FK__ClientPay__Money__123EB7A3]"],"metadata":{"urn":"Server[@Name='LAPTOP-A1S3V5JM']/Database[@Name='Kokaz']/Table[@Name='ClientPaymentDetails' and @Schema='dbo']/ForeignKey[@Name='FK__ClientPay__Money__123EB7A3']","object_type":"ForeignKey"}},{"outputs":[],"execution_count":0,"cell_type":"code","source":["ALTER TABLE [dbo].[ClientPaymentDetails]  WITH CHECK ADD FOREIGN KEY([MoneyPlacedId])\r\nREFERENCES [dbo].[MoenyPlaced] ([Id])\r\n","GO\r\n"],"metadata":{"urn":"Server[@Name='LAPTOP-A1S3V5JM']/Database[@Name='Kokaz']/Table[@Name='ClientPaymentDetails' and @Schema='dbo']/ForeignKey[@Name='FK__ClientPay__Money__123EB7A3']","object_type":"ForeignKey"}},{"cell_type":"markdown","source":["# [FK__ClientPay__Order__1332DBDC]"],"metadata":{"urn":"Server[@Name='LAPTOP-A1S3V5JM']/Database[@Name='Kokaz']/Table[@Name='ClientPaymentDetails' and @Schema='dbo']/ForeignKey[@Name='FK__ClientPay__Order__1332DBDC']","object_type":"ForeignKey"}},{"outputs":[],"execution_count":0,"cell_type":"code","source":["ALTER TABLE [dbo].[ClientPaymentDetails]  WITH CHECK ADD FOREIGN KEY([OrderPlacedId])\r\nREFERENCES [dbo].[OrderPlaced] ([Id])\r\n","GO\r\n"],"metadata":{"urn":"Server[@Name='LAPTOP-A1S3V5JM']/Database[@Name='Kokaz']/Table[@Name='ClientPaymentDetails' and @Schema='dbo']/ForeignKey[@Name='FK__ClientPay__Order__1332DBDC']","object_type":"ForeignKey"}},{"cell_type":"markdown","source":["# [FK_clientPhones_Clients]"],"metadata":{"urn":"Server[@Name='LAPTOP-A1S3V5JM']/Database[@Name='Kokaz']/Table[@Name='clientPhones' and @Schema='dbo']/ForeignKey[@Name='FK_clientPhones_Clients']","object_type":"ForeignKey"}},{"outputs":[],"execution_count":0,"cell_type":"code","source":["ALTER TABLE [dbo].[clientPhones]  WITH CHECK ADD  CONSTRAINT [FK_clientPhones_Clients] FOREIGN KEY([ClientId])\r\nREFERENCES [dbo].[Clients] ([Id])\r\nON DELETE CASCADE\r\n","GO\r\n","ALTER TABLE [dbo].[clientPhones] CHECK CONSTRAINT [FK_clientPhones_Clients]\r\n","GO\r\n"],"metadata":{"urn":"Server[@Name='LAPTOP-A1S3V5JM']/Database[@Name='Kokaz']/Table[@Name='clientPhones' and @Schema='dbo']/ForeignKey[@Name='FK_clientPhones_Clients']","object_type":"ForeignKey"}},{"cell_type":"markdown","source":["# [FK_Clients_Branches_BranchId]"],"metadata":{"urn":"Server[@Name='LAPTOP-A1S3V5JM']/Database[@Name='Kokaz']/Table[@Name='Clients' and @Schema='dbo']/ForeignKey[@Name='FK_Clients_Branches_BranchId']","object_type":"ForeignKey"}},{"outputs":[],"execution_count":0,"cell_type":"code","source":["ALTER TABLE [dbo].[Clients]  WITH CHECK ADD  CONSTRAINT [FK_Clients_Branches_BranchId] FOREIGN KEY([BranchId])\r\nREFERENCES [dbo].[Branches] ([Id])\r\nON DELETE CASCADE\r\n","GO\r\n","ALTER TABLE [dbo].[Clients] CHECK CONSTRAINT [FK_Clients_Branches_BranchId]\r\n","GO\r\n"],"metadata":{"urn":"Server[@Name='LAPTOP-A1S3V5JM']/Database[@Name='Kokaz']/Table[@Name='Clients' and @Schema='dbo']/ForeignKey[@Name='FK_Clients_Branches_BranchId']","object_type":"ForeignKey"}},{"cell_type":"markdown","source":["# [FK_Clients_Country]"],"metadata":{"urn":"Server[@Name='LAPTOP-A1S3V5JM']/Database[@Name='Kokaz']/Table[@Name='Clients' and @Schema='dbo']/ForeignKey[@Name='FK_Clients_Country']","object_type":"ForeignKey"}},{"outputs":[],"execution_count":0,"cell_type":"code","source":["ALTER TABLE [dbo].[Clients]  WITH CHECK ADD  CONSTRAINT [FK_Clients_Country] FOREIGN KEY([CountryId])\r\nREFERENCES [dbo].[Country] ([Id])\r\n","GO\r\n","ALTER TABLE [dbo].[Clients] CHECK CONSTRAINT [FK_Clients_Country]\r\n","GO\r\n"],"metadata":{"urn":"Server[@Name='LAPTOP-A1S3V5JM']/Database[@Name='Kokaz']/Table[@Name='Clients' and @Schema='dbo']/ForeignKey[@Name='FK_Clients_Country']","object_type":"ForeignKey"}},{"cell_type":"markdown","source":["# [FK_Clients_Users]"],"metadata":{"urn":"Server[@Name='LAPTOP-A1S3V5JM']/Database[@Name='Kokaz']/Table[@Name='Clients' and @Schema='dbo']/ForeignKey[@Name='FK_Clients_Users']","object_type":"ForeignKey"}},{"outputs":[],"execution_count":0,"cell_type":"code","source":["ALTER TABLE [dbo].[Clients]  WITH CHECK ADD  CONSTRAINT [FK_Clients_Users] FOREIGN KEY([UserId])\r\nREFERENCES [dbo].[Users] ([Id])\r\n","GO\r\n","ALTER TABLE [dbo].[Clients] CHECK CONSTRAINT [FK_Clients_Users]\r\n","GO\r\n"],"metadata":{"urn":"Server[@Name='LAPTOP-A1S3V5JM']/Database[@Name='Kokaz']/Table[@Name='Clients' and @Schema='dbo']/ForeignKey[@Name='FK_Clients_Users']","object_type":"ForeignKey"}},{"cell_type":"markdown","source":["# [FK__Country__mediato__74794A92]"],"metadata":{"urn":"Server[@Name='LAPTOP-A1S3V5JM']/Database[@Name='Kokaz']/Table[@Name='Country' and @Schema='dbo']/ForeignKey[@Name='FK__Country__mediato__74794A92']","object_type":"ForeignKey"}},{"outputs":[],"execution_count":0,"cell_type":"code","source":["ALTER TABLE [dbo].[Country]  WITH CHECK ADD  CONSTRAINT [FK__Country__mediato__74794A92] FOREIGN KEY([mediatorId])\r\nREFERENCES [dbo].[Country] ([Id])\r\n","GO\r\n","ALTER TABLE [dbo].[Country] CHECK CONSTRAINT [FK__Country__mediato__74794A92]\r\n","GO\r\n"],"metadata":{"urn":"Server[@Name='LAPTOP-A1S3V5JM']/Database[@Name='Kokaz']/Table[@Name='Country' and @Schema='dbo']/ForeignKey[@Name='FK__Country__mediato__74794A92']","object_type":"ForeignKey"}},{"cell_type":"markdown","source":["# [FK__DisAccept__Clien__17F790F9]"],"metadata":{"urn":"Server[@Name='LAPTOP-A1S3V5JM']/Database[@Name='Kokaz']/Table[@Name='DisAcceptOrder' and @Schema='dbo']/ForeignKey[@Name='FK__DisAccept__Clien__17F790F9']","object_type":"ForeignKey"}},{"outputs":[],"execution_count":0,"cell_type":"code","source":["ALTER TABLE [dbo].[DisAcceptOrder]  WITH CHECK ADD FOREIGN KEY([ClientId])\r\nREFERENCES [dbo].[Clients] ([Id])\r\n","GO\r\n"],"metadata":{"urn":"Server[@Name='LAPTOP-A1S3V5JM']/Database[@Name='Kokaz']/Table[@Name='DisAcceptOrder' and @Schema='dbo']/ForeignKey[@Name='FK__DisAccept__Clien__17F790F9']","object_type":"ForeignKey"}},{"cell_type":"markdown","source":["# [FK__DisAccept__Count__0D7A0286]"],"metadata":{"urn":"Server[@Name='LAPTOP-A1S3V5JM']/Database[@Name='Kokaz']/Table[@Name='DisAcceptOrder' and @Schema='dbo']/ForeignKey[@Name='FK__DisAccept__Count__0D7A0286']","object_type":"ForeignKey"}},{"outputs":[],"execution_count":0,"cell_type":"code","source":["ALTER TABLE [dbo].[DisAcceptOrder]  WITH CHECK ADD  CONSTRAINT [FK__DisAccept__Count__0D7A0286] FOREIGN KEY([CountryId])\r\nREFERENCES [dbo].[Country] ([Id])\r\n","GO\r\n","ALTER TABLE [dbo].[DisAcceptOrder] CHECK CONSTRAINT [FK__DisAccept__Count__0D7A0286]\r\n","GO\r\n"],"metadata":{"urn":"Server[@Name='LAPTOP-A1S3V5JM']/Database[@Name='Kokaz']/Table[@Name='DisAcceptOrder' and @Schema='dbo']/ForeignKey[@Name='FK__DisAccept__Count__0D7A0286']","object_type":"ForeignKey"}},{"cell_type":"markdown","source":["# [FK__DisAccept__Regio__19DFD96B]"],"metadata":{"urn":"Server[@Name='LAPTOP-A1S3V5JM']/Database[@Name='Kokaz']/Table[@Name='DisAcceptOrder' and @Schema='dbo']/ForeignKey[@Name='FK__DisAccept__Regio__19DFD96B']","object_type":"ForeignKey"}},{"outputs":[],"execution_count":0,"cell_type":"code","source":["ALTER TABLE [dbo].[DisAcceptOrder]  WITH CHECK ADD FOREIGN KEY([RegionId])\r\nREFERENCES [dbo].[Region] ([Id])\r\n","GO\r\n"],"metadata":{"urn":"Server[@Name='LAPTOP-A1S3V5JM']/Database[@Name='Kokaz']/Table[@Name='DisAcceptOrder' and @Schema='dbo']/ForeignKey[@Name='FK__DisAccept__Regio__19DFD96B']","object_type":"ForeignKey"}},{"cell_type":"markdown","source":["# [FK_DisAcceptOrder_Branches_BranchId]"],"metadata":{"urn":"Server[@Name='LAPTOP-A1S3V5JM']/Database[@Name='Kokaz']/Table[@Name='DisAcceptOrder' and @Schema='dbo']/ForeignKey[@Name='FK_DisAcceptOrder_Branches_BranchId']","object_type":"ForeignKey"}},{"outputs":[],"execution_count":0,"cell_type":"code","source":["ALTER TABLE [dbo].[DisAcceptOrder]  WITH CHECK ADD  CONSTRAINT [FK_DisAcceptOrder_Branches_BranchId] FOREIGN KEY([BranchId])\r\nREFERENCES [dbo].[Branches] ([Id])\r\nON DELETE CASCADE\r\n","GO\r\n","ALTER TABLE [dbo].[DisAcceptOrder] CHECK CONSTRAINT [FK_DisAcceptOrder_Branches_BranchId]\r\n","GO\r\n"],"metadata":{"urn":"Server[@Name='LAPTOP-A1S3V5JM']/Database[@Name='Kokaz']/Table[@Name='DisAcceptOrder' and @Schema='dbo']/ForeignKey[@Name='FK_DisAcceptOrder_Branches_BranchId']","object_type":"ForeignKey"}},{"cell_type":"markdown","source":["# [FK__Discount__Client__1AD3FDA4]"],"metadata":{"urn":"Server[@Name='LAPTOP-A1S3V5JM']/Database[@Name='Kokaz']/Table[@Name='Discount' and @Schema='dbo']/ForeignKey[@Name='FK__Discount__Client__1AD3FDA4']","object_type":"ForeignKey"}},{"outputs":[],"execution_count":0,"cell_type":"code","source":["ALTER TABLE [dbo].[Discount]  WITH CHECK ADD FOREIGN KEY([ClientPaymentId])\r\nREFERENCES [dbo].[ClientPayment] ([Id])\r\n","GO\r\n"],"metadata":{"urn":"Server[@Name='LAPTOP-A1S3V5JM']/Database[@Name='Kokaz']/Table[@Name='Discount' and @Schema='dbo']/ForeignKey[@Name='FK__Discount__Client__1AD3FDA4']","object_type":"ForeignKey"}},{"cell_type":"markdown","source":["# [FK__EditReque__Clien__1BC821DD]"],"metadata":{"urn":"Server[@Name='LAPTOP-A1S3V5JM']/Database[@Name='Kokaz']/Table[@Name='EditRequest' and @Schema='dbo']/ForeignKey[@Name='FK__EditReque__Clien__1BC821DD']","object_type":"ForeignKey"}},{"outputs":[],"execution_count":0,"cell_type":"code","source":["ALTER TABLE [dbo].[EditRequest]  WITH CHECK ADD FOREIGN KEY([ClientId])\r\nREFERENCES [dbo].[Clients] ([Id])\r\n","GO\r\n"],"metadata":{"urn":"Server[@Name='LAPTOP-A1S3V5JM']/Database[@Name='Kokaz']/Table[@Name='EditRequest' and @Schema='dbo']/ForeignKey[@Name='FK__EditReque__Clien__1BC821DD']","object_type":"ForeignKey"}},{"cell_type":"markdown","source":["# [FK__EditReque__UserI__1CBC4616]"],"metadata":{"urn":"Server[@Name='LAPTOP-A1S3V5JM']/Database[@Name='Kokaz']/Table[@Name='EditRequest' and @Schema='dbo']/ForeignKey[@Name='FK__EditReque__UserI__1CBC4616']","object_type":"ForeignKey"}},{"outputs":[],"execution_count":0,"cell_type":"code","source":["ALTER TABLE [dbo].[EditRequest]  WITH CHECK ADD FOREIGN KEY([UserId])\r\nREFERENCES [dbo].[Users] ([Id])\r\n","GO\r\n"],"metadata":{"urn":"Server[@Name='LAPTOP-A1S3V5JM']/Database[@Name='Kokaz']/Table[@Name='EditRequest' and @Schema='dbo']/ForeignKey[@Name='FK__EditReque__UserI__1CBC4616']","object_type":"ForeignKey"}},{"cell_type":"markdown","source":["# [FK_EditRequest_Branches_BranchId]"],"metadata":{"urn":"Server[@Name='LAPTOP-A1S3V5JM']/Database[@Name='Kokaz']/Table[@Name='EditRequest' and @Schema='dbo']/ForeignKey[@Name='FK_EditRequest_Branches_BranchId']","object_type":"ForeignKey"}},{"outputs":[],"execution_count":0,"cell_type":"code","source":["ALTER TABLE [dbo].[EditRequest]  WITH CHECK ADD  CONSTRAINT [FK_EditRequest_Branches_BranchId] FOREIGN KEY([BranchId])\r\nREFERENCES [dbo].[Branches] ([Id])\r\nON DELETE CASCADE\r\n","GO\r\n","ALTER TABLE [dbo].[EditRequest] CHECK CONSTRAINT [FK_EditRequest_Branches_BranchId]\r\n","GO\r\n"],"metadata":{"urn":"Server[@Name='LAPTOP-A1S3V5JM']/Database[@Name='Kokaz']/Table[@Name='EditRequest' and @Schema='dbo']/ForeignKey[@Name='FK_EditRequest_Branches_BranchId']","object_type":"ForeignKey"}},{"cell_type":"markdown","source":["# [FK_GroupPrivilege_Group]"],"metadata":{"urn":"Server[@Name='LAPTOP-A1S3V5JM']/Database[@Name='Kokaz']/Table[@Name='GroupPrivilege' and @Schema='dbo']/ForeignKey[@Name='FK_GroupPrivilege_Group']","object_type":"ForeignKey"}},{"outputs":[],"execution_count":0,"cell_type":"code","source":["ALTER TABLE [dbo].[GroupPrivilege]  WITH CHECK ADD  CONSTRAINT [FK_GroupPrivilege_Group] FOREIGN KEY([GroupId])\r\nREFERENCES [dbo].[Group] ([Id])\r\nON DELETE CASCADE\r\n","GO\r\n","ALTER TABLE [dbo].[GroupPrivilege] CHECK CONSTRAINT [FK_GroupPrivilege_Group]\r\n","GO\r\n"],"metadata":{"urn":"Server[@Name='LAPTOP-A1S3V5JM']/Database[@Name='Kokaz']/Table[@Name='GroupPrivilege' and @Schema='dbo']/ForeignKey[@Name='FK_GroupPrivilege_Group']","object_type":"ForeignKey"}},{"cell_type":"markdown","source":["# [FK_GroupPrivilege_Privilege]"],"metadata":{"urn":"Server[@Name='LAPTOP-A1S3V5JM']/Database[@Name='Kokaz']/Table[@Name='GroupPrivilege' and @Schema='dbo']/ForeignKey[@Name='FK_GroupPrivilege_Privilege']","object_type":"ForeignKey"}},{"outputs":[],"execution_count":0,"cell_type":"code","source":["ALTER TABLE [dbo].[GroupPrivilege]  WITH CHECK ADD  CONSTRAINT [FK_GroupPrivilege_Privilege] FOREIGN KEY([PrivilegId])\r\nREFERENCES [dbo].[Privilege] ([Id])\r\n","GO\r\n","ALTER TABLE [dbo].[GroupPrivilege] CHECK CONSTRAINT [FK_GroupPrivilege_Privilege]\r\n","GO\r\n"],"metadata":{"urn":"Server[@Name='LAPTOP-A1S3V5JM']/Database[@Name='Kokaz']/Table[@Name='GroupPrivilege' and @Schema='dbo']/ForeignKey[@Name='FK_GroupPrivilege_Privilege']","object_type":"ForeignKey"}},{"cell_type":"markdown","source":["# [FK_Income_Branches_BranchId]"],"metadata":{"urn":"Server[@Name='LAPTOP-A1S3V5JM']/Database[@Name='Kokaz']/Table[@Name='Income' and @Schema='dbo']/ForeignKey[@Name='FK_Income_Branches_BranchId']","object_type":"ForeignKey"}},{"outputs":[],"execution_count":0,"cell_type":"code","source":["ALTER TABLE [dbo].[Income]  WITH CHECK ADD  CONSTRAINT [FK_Income_Branches_BranchId] FOREIGN KEY([BranchId])\r\nREFERENCES [dbo].[Branches] ([Id])\r\nON DELETE CASCADE\r\n","GO\r\n","ALTER TABLE [dbo].[Income] CHECK CONSTRAINT [FK_Income_Branches_BranchId]\r\n","GO\r\n"],"metadata":{"urn":"Server[@Name='LAPTOP-A1S3V5JM']/Database[@Name='Kokaz']/Table[@Name='Income' and @Schema='dbo']/ForeignKey[@Name='FK_Income_Branches_BranchId']","object_type":"ForeignKey"}},{"cell_type":"markdown","source":["# [FK_Income_IncomeType]"],"metadata":{"urn":"Server[@Name='LAPTOP-A1S3V5JM']/Database[@Name='Kokaz']/Table[@Name='Income' and @Schema='dbo']/ForeignKey[@Name='FK_Income_IncomeType']","object_type":"ForeignKey"}},{"outputs":[],"execution_count":0,"cell_type":"code","source":["ALTER TABLE [dbo].[Income]  WITH CHECK ADD  CONSTRAINT [FK_Income_IncomeType] FOREIGN KEY([IncomeTypeId])\r\nREFERENCES [dbo].[IncomeType] ([Id])\r\n","GO\r\n","ALTER TABLE [dbo].[Income] CHECK CONSTRAINT [FK_Income_IncomeType]\r\n","GO\r\n"],"metadata":{"urn":"Server[@Name='LAPTOP-A1S3V5JM']/Database[@Name='Kokaz']/Table[@Name='Income' and @Schema='dbo']/ForeignKey[@Name='FK_Income_IncomeType']","object_type":"ForeignKey"}},{"cell_type":"markdown","source":["# [FK_Income_Users]"],"metadata":{"urn":"Server[@Name='LAPTOP-A1S3V5JM']/Database[@Name='Kokaz']/Table[@Name='Income' and @Schema='dbo']/ForeignKey[@Name='FK_Income_Users']","object_type":"ForeignKey"}},{"outputs":[],"execution_count":0,"cell_type":"code","source":["ALTER TABLE [dbo].[Income]  WITH CHECK ADD  CONSTRAINT [FK_Income_Users] FOREIGN KEY([userId])\r\nREFERENCES [dbo].[Users] ([Id])\r\n","GO\r\n","ALTER TABLE [dbo].[Income] CHECK CONSTRAINT [FK_Income_Users]\r\n","GO\r\n"],"metadata":{"urn":"Server[@Name='LAPTOP-A1S3V5JM']/Database[@Name='Kokaz']/Table[@Name='Income' and @Schema='dbo']/ForeignKey[@Name='FK_Income_Users']","object_type":"ForeignKey"}},{"cell_type":"markdown","source":["# [FK__Market__ClientId__2180FB33]"],"metadata":{"urn":"Server[@Name='LAPTOP-A1S3V5JM']/Database[@Name='Kokaz']/Table[@Name='Market' and @Schema='dbo']/ForeignKey[@Name='FK__Market__ClientId__2180FB33']","object_type":"ForeignKey"}},{"outputs":[],"execution_count":0,"cell_type":"code","source":["ALTER TABLE [dbo].[Market]  WITH CHECK ADD FOREIGN KEY([ClientId])\r\nREFERENCES [dbo].[Clients] ([Id])\r\n","GO\r\n"],"metadata":{"urn":"Server[@Name='LAPTOP-A1S3V5JM']/Database[@Name='Kokaz']/Table[@Name='Market' and @Schema='dbo']/ForeignKey[@Name='FK__Market__ClientId__2180FB33']","object_type":"ForeignKey"}},{"cell_type":"markdown","source":["# [FK__Notficati__Clien__22751F6C]"],"metadata":{"urn":"Server[@Name='LAPTOP-A1S3V5JM']/Database[@Name='Kokaz']/Table[@Name='Notfication' and @Schema='dbo']/ForeignKey[@Name='FK__Notficati__Clien__22751F6C']","object_type":"ForeignKey"}},{"outputs":[],"execution_count":0,"cell_type":"code","source":["ALTER TABLE [dbo].[Notfication]  WITH CHECK ADD FOREIGN KEY([ClientId])\r\nREFERENCES [dbo].[Clients] ([Id])\r\n","GO\r\n"],"metadata":{"urn":"Server[@Name='LAPTOP-A1S3V5JM']/Database[@Name='Kokaz']/Table[@Name='Notfication' and @Schema='dbo']/ForeignKey[@Name='FK__Notficati__Clien__22751F6C']","object_type":"ForeignKey"}},{"cell_type":"markdown","source":["# [FK__Notficati__Money__236943A5]"],"metadata":{"urn":"Server[@Name='LAPTOP-A1S3V5JM']/Database[@Name='Kokaz']/Table[@Name='Notfication' and @Schema='dbo']/ForeignKey[@Name='FK__Notficati__Money__236943A5']","object_type":"ForeignKey"}},{"outputs":[],"execution_count":0,"cell_type":"code","source":["ALTER TABLE [dbo].[Notfication]  WITH CHECK ADD FOREIGN KEY([MoneyPlacedId])\r\nREFERENCES [dbo].[MoenyPlaced] ([Id])\r\n","GO\r\n"],"metadata":{"urn":"Server[@Name='LAPTOP-A1S3V5JM']/Database[@Name='Kokaz']/Table[@Name='Notfication' and @Schema='dbo']/ForeignKey[@Name='FK__Notficati__Money__236943A5']","object_type":"ForeignKey"}},{"cell_type":"markdown","source":["# [FK__Notficati__Order__245D67DE]"],"metadata":{"urn":"Server[@Name='LAPTOP-A1S3V5JM']/Database[@Name='Kokaz']/Table[@Name='Notfication' and @Schema='dbo']/ForeignKey[@Name='FK__Notficati__Order__245D67DE']","object_type":"ForeignKey"}},{"outputs":[],"execution_count":0,"cell_type":"code","source":["ALTER TABLE [dbo].[Notfication]  WITH CHECK ADD FOREIGN KEY([OrderPlacedId])\r\nREFERENCES [dbo].[OrderPlaced] ([Id])\r\n","GO\r\n"],"metadata":{"urn":"Server[@Name='LAPTOP-A1S3V5JM']/Database[@Name='Kokaz']/Table[@Name='Notfication' and @Schema='dbo']/ForeignKey[@Name='FK__Notficati__Order__245D67DE']","object_type":"ForeignKey"}},{"cell_type":"markdown","source":["# [FK__Order__CurrentCo__078C1F06]"],"metadata":{"urn":"Server[@Name='LAPTOP-A1S3V5JM']/Database[@Name='Kokaz']/Table[@Name='Order' and @Schema='dbo']/ForeignKey[@Name='FK__Order__CurrentCo__078C1F06']","object_type":"ForeignKey"}},{"outputs":[],"execution_count":0,"cell_type":"code","source":["ALTER TABLE [dbo].[Order]  WITH CHECK ADD  CONSTRAINT [FK__Order__CurrentCo__078C1F06] FOREIGN KEY([CurrentCountry])\r\nREFERENCES [dbo].[Country] ([Id])\r\n","GO\r\n","ALTER TABLE [dbo].[Order] CHECK CONSTRAINT [FK__Order__CurrentCo__078C1F06]\r\n","GO\r\n"],"metadata":{"urn":"Server[@Name='LAPTOP-A1S3V5JM']/Database[@Name='Kokaz']/Table[@Name='Order' and @Schema='dbo']/ForeignKey[@Name='FK__Order__CurrentCo__078C1F06']","object_type":"ForeignKey"}},{"cell_type":"markdown","source":["# [FK_Order_Branches_BranchId]"],"metadata":{"urn":"Server[@Name='LAPTOP-A1S3V5JM']/Database[@Name='Kokaz']/Table[@Name='Order' and @Schema='dbo']/ForeignKey[@Name='FK_Order_Branches_BranchId']","object_type":"ForeignKey"}},{"outputs":[],"execution_count":0,"cell_type":"code","source":["ALTER TABLE [dbo].[Order]  WITH CHECK ADD  CONSTRAINT [FK_Order_Branches_BranchId] FOREIGN KEY([BranchId])\r\nREFERENCES [dbo].[Branches] ([Id])\r\nON DELETE CASCADE\r\n","GO\r\n","ALTER TABLE [dbo].[Order] CHECK CONSTRAINT [FK_Order_Branches_BranchId]\r\n","GO\r\n"],"metadata":{"urn":"Server[@Name='LAPTOP-A1S3V5JM']/Database[@Name='Kokaz']/Table[@Name='Order' and @Schema='dbo']/ForeignKey[@Name='FK_Order_Branches_BranchId']","object_type":"ForeignKey"}},{"cell_type":"markdown","source":["# [FK_Order_Branches_SecondBranchId]"],"metadata":{"urn":"Server[@Name='LAPTOP-A1S3V5JM']/Database[@Name='Kokaz']/Table[@Name='Order' and @Schema='dbo']/ForeignKey[@Name='FK_Order_Branches_SecondBranchId']","object_type":"ForeignKey"}},{"outputs":[],"execution_count":0,"cell_type":"code","source":["ALTER TABLE [dbo].[Order]  WITH CHECK ADD  CONSTRAINT [FK_Order_Branches_SecondBranchId] FOREIGN KEY([SecondBranchId])\r\nREFERENCES [dbo].[Branches] ([Id])\r\n","GO\r\n","ALTER TABLE [dbo].[Order] CHECK CONSTRAINT [FK_Order_Branches_SecondBranchId]\r\n","GO\r\n"],"metadata":{"urn":"Server[@Name='LAPTOP-A1S3V5JM']/Database[@Name='Kokaz']/Table[@Name='Order' and @Schema='dbo']/ForeignKey[@Name='FK_Order_Branches_SecondBranchId']","object_type":"ForeignKey"}},{"cell_type":"markdown","source":["# [FK_Order_Clients]"],"metadata":{"urn":"Server[@Name='LAPTOP-A1S3V5JM']/Database[@Name='Kokaz']/Table[@Name='Order' and @Schema='dbo']/ForeignKey[@Name='FK_Order_Clients']","object_type":"ForeignKey"}},{"outputs":[],"execution_count":0,"cell_type":"code","source":["ALTER TABLE [dbo].[Order]  WITH CHECK ADD  CONSTRAINT [FK_Order_Clients] FOREIGN KEY([ClientId])\r\nREFERENCES [dbo].[Clients] ([Id])\r\n","GO\r\n","ALTER TABLE [dbo].[Order] CHECK CONSTRAINT [FK_Order_Clients]\r\n","GO\r\n"],"metadata":{"urn":"Server[@Name='LAPTOP-A1S3V5JM']/Database[@Name='Kokaz']/Table[@Name='Order' and @Schema='dbo']/ForeignKey[@Name='FK_Order_Clients']","object_type":"ForeignKey"}},{"cell_type":"markdown","source":["# [FK_Order_Country]"],"metadata":{"urn":"Server[@Name='LAPTOP-A1S3V5JM']/Database[@Name='Kokaz']/Table[@Name='Order' and @Schema='dbo']/ForeignKey[@Name='FK_Order_Country']","object_type":"ForeignKey"}},{"outputs":[],"execution_count":0,"cell_type":"code","source":["ALTER TABLE [dbo].[Order]  WITH CHECK ADD  CONSTRAINT [FK_Order_Country] FOREIGN KEY([CountryId])\r\nREFERENCES [dbo].[Country] ([Id])\r\n","GO\r\n","ALTER TABLE [dbo].[Order] CHECK CONSTRAINT [FK_Order_Country]\r\n","GO\r\n"],"metadata":{"urn":"Server[@Name='LAPTOP-A1S3V5JM']/Database[@Name='Kokaz']/Table[@Name='Order' and @Schema='dbo']/ForeignKey[@Name='FK_Order_Country']","object_type":"ForeignKey"}},{"cell_type":"markdown","source":["# [FK_Order_MoenyPlaced]"],"metadata":{"urn":"Server[@Name='LAPTOP-A1S3V5JM']/Database[@Name='Kokaz']/Table[@Name='Order' and @Schema='dbo']/ForeignKey[@Name='FK_Order_MoenyPlaced']","object_type":"ForeignKey"}},{"outputs":[],"execution_count":0,"cell_type":"code","source":["ALTER TABLE [dbo].[Order]  WITH CHECK ADD  CONSTRAINT [FK_Order_MoenyPlaced] FOREIGN KEY([MoenyPlacedId])\r\nREFERENCES [dbo].[MoenyPlaced] ([Id])\r\n","GO\r\n","ALTER TABLE [dbo].[Order] CHECK CONSTRAINT [FK_Order_MoenyPlaced]\r\n","GO\r\n"],"metadata":{"urn":"Server[@Name='LAPTOP-A1S3V5JM']/Database[@Name='Kokaz']/Table[@Name='Order' and @Schema='dbo']/ForeignKey[@Name='FK_Order_MoenyPlaced']","object_type":"ForeignKey"}},{"cell_type":"markdown","source":["# [FK_Order_OrderPlaced]"],"metadata":{"urn":"Server[@Name='LAPTOP-A1S3V5JM']/Database[@Name='Kokaz']/Table[@Name='Order' and @Schema='dbo']/ForeignKey[@Name='FK_Order_OrderPlaced']","object_type":"ForeignKey"}},{"outputs":[],"execution_count":0,"cell_type":"code","source":["ALTER TABLE [dbo].[Order]  WITH CHECK ADD  CONSTRAINT [FK_Order_OrderPlaced] FOREIGN KEY([OrderplacedId])\r\nREFERENCES [dbo].[OrderPlaced] ([Id])\r\n","GO\r\n","ALTER TABLE [dbo].[Order] CHECK CONSTRAINT [FK_Order_OrderPlaced]\r\n","GO\r\n"],"metadata":{"urn":"Server[@Name='LAPTOP-A1S3V5JM']/Database[@Name='Kokaz']/Table[@Name='Order' and @Schema='dbo']/ForeignKey[@Name='FK_Order_OrderPlaced']","object_type":"ForeignKey"}},{"cell_type":"markdown","source":["# [FK_Order_OrderPlaced_NewOrderPlacedId]"],"metadata":{"urn":"Server[@Name='LAPTOP-A1S3V5JM']/Database[@Name='Kokaz']/Table[@Name='Order' and @Schema='dbo']/ForeignKey[@Name='FK_Order_OrderPlaced_NewOrderPlacedId']","object_type":"ForeignKey"}},{"outputs":[],"execution_count":0,"cell_type":"code","source":["ALTER TABLE [dbo].[Order]  WITH CHECK ADD  CONSTRAINT [FK_Order_OrderPlaced_NewOrderPlacedId] FOREIGN KEY([NewOrderPlacedId])\r\nREFERENCES [dbo].[OrderPlaced] ([Id])\r\n","GO\r\n","ALTER TABLE [dbo].[Order] CHECK CONSTRAINT [FK_Order_OrderPlaced_NewOrderPlacedId]\r\n","GO\r\n"],"metadata":{"urn":"Server[@Name='LAPTOP-A1S3V5JM']/Database[@Name='Kokaz']/Table[@Name='Order' and @Schema='dbo']/ForeignKey[@Name='FK_Order_OrderPlaced_NewOrderPlacedId']","object_type":"ForeignKey"}},{"cell_type":"markdown","source":["# [FK_Order_OrderState]"],"metadata":{"urn":"Server[@Name='LAPTOP-A1S3V5JM']/Database[@Name='Kokaz']/Table[@Name='Order' and @Schema='dbo']/ForeignKey[@Name='FK_Order_OrderState']","object_type":"ForeignKey"}},{"outputs":[],"execution_count":0,"cell_type":"code","source":["ALTER TABLE [dbo].[Order]  WITH CHECK ADD  CONSTRAINT [FK_Order_OrderState] FOREIGN KEY([OrderStateId])\r\nREFERENCES [dbo].[OrderState] ([Id])\r\n","GO\r\n","ALTER TABLE [dbo].[Order] CHECK CONSTRAINT [FK_Order_OrderState]\r\n","GO\r\n"],"metadata":{"urn":"Server[@Name='LAPTOP-A1S3V5JM']/Database[@Name='Kokaz']/Table[@Name='Order' and @Schema='dbo']/ForeignKey[@Name='FK_Order_OrderState']","object_type":"ForeignKey"}},{"cell_type":"markdown","source":["# [FK_Order_Region]"],"metadata":{"urn":"Server[@Name='LAPTOP-A1S3V5JM']/Database[@Name='Kokaz']/Table[@Name='Order' and @Schema='dbo']/ForeignKey[@Name='FK_Order_Region']","object_type":"ForeignKey"}},{"outputs":[],"execution_count":0,"cell_type":"code","source":["ALTER TABLE [dbo].[Order]  WITH CHECK ADD  CONSTRAINT [FK_Order_Region] FOREIGN KEY([RegionId])\r\nREFERENCES [dbo].[Region] ([Id])\r\n","GO\r\n","ALTER TABLE [dbo].[Order] CHECK CONSTRAINT [FK_Order_Region]\r\n","GO\r\n"],"metadata":{"urn":"Server[@Name='LAPTOP-A1S3V5JM']/Database[@Name='Kokaz']/Table[@Name='Order' and @Schema='dbo']/ForeignKey[@Name='FK_Order_Region']","object_type":"ForeignKey"}},{"cell_type":"markdown","source":["# [FK_Order_Users]"],"metadata":{"urn":"Server[@Name='LAPTOP-A1S3V5JM']/Database[@Name='Kokaz']/Table[@Name='Order' and @Schema='dbo']/ForeignKey[@Name='FK_Order_Users']","object_type":"ForeignKey"}},{"outputs":[],"execution_count":0,"cell_type":"code","source":["ALTER TABLE [dbo].[Order]  WITH CHECK ADD  CONSTRAINT [FK_Order_Users] FOREIGN KEY([AgentId])\r\nREFERENCES [dbo].[Users] ([Id])\r\n","GO\r\n","ALTER TABLE [dbo].[Order] CHECK CONSTRAINT [FK_Order_Users]\r\n","GO\r\n"],"metadata":{"urn":"Server[@Name='LAPTOP-A1S3V5JM']/Database[@Name='Kokaz']/Table[@Name='Order' and @Schema='dbo']/ForeignKey[@Name='FK_Order_Users']","object_type":"ForeignKey"}},{"cell_type":"markdown","source":["# [FK__OrderClie__Clien__2CF2ADDF]"],"metadata":{"urn":"Server[@Name='LAPTOP-A1S3V5JM']/Database[@Name='Kokaz']/Table[@Name='OrderClientPaymnet' and @Schema='dbo']/ForeignKey[@Name='FK__OrderClie__Clien__2CF2ADDF']","object_type":"ForeignKey"}},{"outputs":[],"execution_count":0,"cell_type":"code","source":["ALTER TABLE [dbo].[OrderClientPaymnet]  WITH CHECK ADD FOREIGN KEY([ClientPaymentId])\r\nREFERENCES [dbo].[ClientPayment] ([Id])\r\n","GO\r\n"],"metadata":{"urn":"Server[@Name='LAPTOP-A1S3V5JM']/Database[@Name='Kokaz']/Table[@Name='OrderClientPaymnet' and @Schema='dbo']/ForeignKey[@Name='FK__OrderClie__Clien__2CF2ADDF']","object_type":"ForeignKey"}},{"cell_type":"markdown","source":["# [FK__OrderClie__Order__2DE6D218]"],"metadata":{"urn":"Server[@Name='LAPTOP-A1S3V5JM']/Database[@Name='Kokaz']/Table[@Name='OrderClientPaymnet' and @Schema='dbo']/ForeignKey[@Name='FK__OrderClie__Order__2DE6D218']","object_type":"ForeignKey"}},{"outputs":[],"execution_count":0,"cell_type":"code","source":["ALTER TABLE [dbo].[OrderClientPaymnet]  WITH CHECK ADD FOREIGN KEY([OrderId])\r\nREFERENCES [dbo].[Order] ([Id])\r\n","GO\r\n"],"metadata":{"urn":"Server[@Name='LAPTOP-A1S3V5JM']/Database[@Name='Kokaz']/Table[@Name='OrderClientPaymnet' and @Schema='dbo']/ForeignKey[@Name='FK__OrderClie__Order__2DE6D218']","object_type":"ForeignKey"}},{"cell_type":"markdown","source":["# [FK__OrderFrom__Clien__2EDAF651]"],"metadata":{"urn":"Server[@Name='LAPTOP-A1S3V5JM']/Database[@Name='Kokaz']/Table[@Name='OrderFromExcel' and @Schema='dbo']/ForeignKey[@Name='FK__OrderFrom__Clien__2EDAF651']","object_type":"ForeignKey"}},{"outputs":[],"execution_count":0,"cell_type":"code","source":["ALTER TABLE [dbo].[OrderFromExcel]  WITH CHECK ADD FOREIGN KEY([ClientId])\r\nREFERENCES [dbo].[Clients] ([Id])\r\n","GO\r\n"],"metadata":{"urn":"Server[@Name='LAPTOP-A1S3V5JM']/Database[@Name='Kokaz']/Table[@Name='OrderFromExcel' and @Schema='dbo']/ForeignKey[@Name='FK__OrderFrom__Clien__2EDAF651']","object_type":"ForeignKey"}},{"cell_type":"markdown","source":["# [FK_OrderOrderType_Order]"],"metadata":{"urn":"Server[@Name='LAPTOP-A1S3V5JM']/Database[@Name='Kokaz']/Table[@Name='OrderItem' and @Schema='dbo']/ForeignKey[@Name='FK_OrderOrderType_Order']","object_type":"ForeignKey"}},{"outputs":[],"execution_count":0,"cell_type":"code","source":["ALTER TABLE [dbo].[OrderItem]  WITH CHECK ADD  CONSTRAINT [FK_OrderOrderType_Order] FOREIGN KEY([OrderId])\r\nREFERENCES [dbo].[Order] ([Id])\r\nON DELETE CASCADE\r\n","GO\r\n","ALTER TABLE [dbo].[OrderItem] CHECK CONSTRAINT [FK_OrderOrderType_Order]\r\n","GO\r\n"],"metadata":{"urn":"Server[@Name='LAPTOP-A1S3V5JM']/Database[@Name='Kokaz']/Table[@Name='OrderItem' and @Schema='dbo']/ForeignKey[@Name='FK_OrderOrderType_Order']","object_type":"ForeignKey"}},{"cell_type":"markdown","source":["# [FK_OrderOrderType_OrderType]"],"metadata":{"urn":"Server[@Name='LAPTOP-A1S3V5JM']/Database[@Name='Kokaz']/Table[@Name='OrderItem' and @Schema='dbo']/ForeignKey[@Name='FK_OrderOrderType_OrderType']","object_type":"ForeignKey"}},{"outputs":[],"execution_count":0,"cell_type":"code","source":["ALTER TABLE [dbo].[OrderItem]  WITH CHECK ADD  CONSTRAINT [FK_OrderOrderType_OrderType] FOREIGN KEY([OrderTpyeId])\r\nREFERENCES [dbo].[OrderType] ([Id])\r\n","GO\r\n","ALTER TABLE [dbo].[OrderItem] CHECK CONSTRAINT [FK_OrderOrderType_OrderType]\r\n","GO\r\n"],"metadata":{"urn":"Server[@Name='LAPTOP-A1S3V5JM']/Database[@Name='Kokaz']/Table[@Name='OrderItem' and @Schema='dbo']/ForeignKey[@Name='FK_OrderOrderType_OrderType']","object_type":"ForeignKey"}},{"cell_type":"markdown","source":["# [FK_OrderLog_Clients]"],"metadata":{"urn":"Server[@Name='LAPTOP-A1S3V5JM']/Database[@Name='Kokaz']/Table[@Name='OrderLog' and @Schema='dbo']/ForeignKey[@Name='FK_OrderLog_Clients']","object_type":"ForeignKey"}},{"outputs":[],"execution_count":0,"cell_type":"code","source":["ALTER TABLE [dbo].[OrderLog]  WITH CHECK ADD  CONSTRAINT [FK_OrderLog_Clients] FOREIGN KEY([ClientId])\r\nREFERENCES [dbo].[Clients] ([Id])\r\n","GO\r\n","ALTER TABLE [dbo].[OrderLog] CHECK CONSTRAINT [FK_OrderLog_Clients]\r\n","GO\r\n"],"metadata":{"urn":"Server[@Name='LAPTOP-A1S3V5JM']/Database[@Name='Kokaz']/Table[@Name='OrderLog' and @Schema='dbo']/ForeignKey[@Name='FK_OrderLog_Clients']","object_type":"ForeignKey"}},{"cell_type":"markdown","source":["# [FK_OrderLog_Country]"],"metadata":{"urn":"Server[@Name='LAPTOP-A1S3V5JM']/Database[@Name='Kokaz']/Table[@Name='OrderLog' and @Schema='dbo']/ForeignKey[@Name='FK_OrderLog_Country']","object_type":"ForeignKey"}},{"outputs":[],"execution_count":0,"cell_type":"code","source":["ALTER TABLE [dbo].[OrderLog]  WITH CHECK ADD  CONSTRAINT [FK_OrderLog_Country] FOREIGN KEY([CountryId])\r\nREFERENCES [dbo].[Country] ([Id])\r\n","GO\r\n","ALTER TABLE [dbo].[OrderLog] CHECK CONSTRAINT [FK_OrderLog_Country]\r\n","GO\r\n"],"metadata":{"urn":"Server[@Name='LAPTOP-A1S3V5JM']/Database[@Name='Kokaz']/Table[@Name='OrderLog' and @Schema='dbo']/ForeignKey[@Name='FK_OrderLog_Country']","object_type":"ForeignKey"}},{"cell_type":"markdown","source":["# [FK_OrderLog_MoenyPlaced]"],"metadata":{"urn":"Server[@Name='LAPTOP-A1S3V5JM']/Database[@Name='Kokaz']/Table[@Name='OrderLog' and @Schema='dbo']/ForeignKey[@Name='FK_OrderLog_MoenyPlaced']","object_type":"ForeignKey"}},{"outputs":[],"execution_count":0,"cell_type":"code","source":["ALTER TABLE [dbo].[OrderLog]  WITH CHECK ADD  CONSTRAINT [FK_OrderLog_MoenyPlaced] FOREIGN KEY([MoenyPlacedId])\r\nREFERENCES [dbo].[MoenyPlaced] ([Id])\r\n","GO\r\n","ALTER TABLE [dbo].[OrderLog] CHECK CONSTRAINT [FK_OrderLog_MoenyPlaced]\r\n","GO\r\n"],"metadata":{"urn":"Server[@Name='LAPTOP-A1S3V5JM']/Database[@Name='Kokaz']/Table[@Name='OrderLog' and @Schema='dbo']/ForeignKey[@Name='FK_OrderLog_MoenyPlaced']","object_type":"ForeignKey"}},{"cell_type":"markdown","source":["# [FK_OrderLog_Order]"],"metadata":{"urn":"Server[@Name='LAPTOP-A1S3V5JM']/Database[@Name='Kokaz']/Table[@Name='OrderLog' and @Schema='dbo']/ForeignKey[@Name='FK_OrderLog_Order']","object_type":"ForeignKey"}},{"outputs":[],"execution_count":0,"cell_type":"code","source":["ALTER TABLE [dbo].[OrderLog]  WITH CHECK ADD  CONSTRAINT [FK_OrderLog_Order] FOREIGN KEY([OrderId])\r\nREFERENCES [dbo].[Order] ([Id])\r\nON DELETE CASCADE\r\n","GO\r\n","ALTER TABLE [dbo].[OrderLog] CHECK CONSTRAINT [FK_OrderLog_Order]\r\n","GO\r\n"],"metadata":{"urn":"Server[@Name='LAPTOP-A1S3V5JM']/Database[@Name='Kokaz']/Table[@Name='OrderLog' and @Schema='dbo']/ForeignKey[@Name='FK_OrderLog_Order']","object_type":"ForeignKey"}},{"cell_type":"markdown","source":["# [FK_OrderLog_OrderPlaced]"],"metadata":{"urn":"Server[@Name='LAPTOP-A1S3V5JM']/Database[@Name='Kokaz']/Table[@Name='OrderLog' and @Schema='dbo']/ForeignKey[@Name='FK_OrderLog_OrderPlaced']","object_type":"ForeignKey"}},{"outputs":[],"execution_count":0,"cell_type":"code","source":["ALTER TABLE [dbo].[OrderLog]  WITH CHECK ADD  CONSTRAINT [FK_OrderLog_OrderPlaced] FOREIGN KEY([OrderplacedId])\r\nREFERENCES [dbo].[OrderPlaced] ([Id])\r\n","GO\r\n","ALTER TABLE [dbo].[OrderLog] CHECK CONSTRAINT [FK_OrderLog_OrderPlaced]\r\n","GO\r\n"],"metadata":{"urn":"Server[@Name='LAPTOP-A1S3V5JM']/Database[@Name='Kokaz']/Table[@Name='OrderLog' and @Schema='dbo']/ForeignKey[@Name='FK_OrderLog_OrderPlaced']","object_type":"ForeignKey"}},{"cell_type":"markdown","source":["# [FK_OrderLog_Region]"],"metadata":{"urn":"Server[@Name='LAPTOP-A1S3V5JM']/Database[@Name='Kokaz']/Table[@Name='OrderLog' and @Schema='dbo']/ForeignKey[@Name='FK_OrderLog_Region']","object_type":"ForeignKey"}},{"outputs":[],"execution_count":0,"cell_type":"code","source":["ALTER TABLE [dbo].[OrderLog]  WITH CHECK ADD  CONSTRAINT [FK_OrderLog_Region] FOREIGN KEY([RegionId])\r\nREFERENCES [dbo].[Region] ([Id])\r\n","GO\r\n","ALTER TABLE [dbo].[OrderLog] CHECK CONSTRAINT [FK_OrderLog_Region]\r\n","GO\r\n"],"metadata":{"urn":"Server[@Name='LAPTOP-A1S3V5JM']/Database[@Name='Kokaz']/Table[@Name='OrderLog' and @Schema='dbo']/ForeignKey[@Name='FK_OrderLog_Region']","object_type":"ForeignKey"}},{"cell_type":"markdown","source":["# [FK_OrderLog_Users]"],"metadata":{"urn":"Server[@Name='LAPTOP-A1S3V5JM']/Database[@Name='Kokaz']/Table[@Name='OrderLog' and @Schema='dbo']/ForeignKey[@Name='FK_OrderLog_Users']","object_type":"ForeignKey"}},{"outputs":[],"execution_count":0,"cell_type":"code","source":["ALTER TABLE [dbo].[OrderLog]  WITH CHECK ADD  CONSTRAINT [FK_OrderLog_Users] FOREIGN KEY([AgentId])\r\nREFERENCES [dbo].[Users] ([Id])\r\n","GO\r\n","ALTER TABLE [dbo].[OrderLog] CHECK CONSTRAINT [FK_OrderLog_Users]\r\n","GO\r\n"],"metadata":{"urn":"Server[@Name='LAPTOP-A1S3V5JM']/Database[@Name='Kokaz']/Table[@Name='OrderLog' and @Schema='dbo']/ForeignKey[@Name='FK_OrderLog_Users']","object_type":"ForeignKey"}},{"cell_type":"markdown","source":["# [FK_OrderType_Branches_BranchId]"],"metadata":{"urn":"Server[@Name='LAPTOP-A1S3V5JM']/Database[@Name='Kokaz']/Table[@Name='OrderType' and @Schema='dbo']/ForeignKey[@Name='FK_OrderType_Branches_BranchId']","object_type":"ForeignKey"}},{"outputs":[],"execution_count":0,"cell_type":"code","source":["ALTER TABLE [dbo].[OrderType]  WITH CHECK ADD  CONSTRAINT [FK_OrderType_Branches_BranchId] FOREIGN KEY([BranchId])\r\nREFERENCES [dbo].[Branches] ([Id])\r\nON DELETE CASCADE\r\n","GO\r\n","ALTER TABLE [dbo].[OrderType] CHECK CONSTRAINT [FK_OrderType_Branches_BranchId]\r\n","GO\r\n"],"metadata":{"urn":"Server[@Name='LAPTOP-A1S3V5JM']/Database[@Name='Kokaz']/Table[@Name='OrderType' and @Schema='dbo']/ForeignKey[@Name='FK_OrderType_Branches_BranchId']","object_type":"ForeignKey"}},{"cell_type":"markdown","source":["# [FK_OutCome_Branches_BranchId]"],"metadata":{"urn":"Server[@Name='LAPTOP-A1S3V5JM']/Database[@Name='Kokaz']/Table[@Name='OutCome' and @Schema='dbo']/ForeignKey[@Name='FK_OutCome_Branches_BranchId']","object_type":"ForeignKey"}},{"outputs":[],"execution_count":0,"cell_type":"code","source":["ALTER TABLE [dbo].[OutCome]  WITH CHECK ADD  CONSTRAINT [FK_OutCome_Branches_BranchId] FOREIGN KEY([BranchId])\r\nREFERENCES [dbo].[Branches] ([Id])\r\nON DELETE CASCADE\r\n","GO\r\n","ALTER TABLE [dbo].[OutCome] CHECK CONSTRAINT [FK_OutCome_Branches_BranchId]\r\n","GO\r\n"],"metadata":{"urn":"Server[@Name='LAPTOP-A1S3V5JM']/Database[@Name='Kokaz']/Table[@Name='OutCome' and @Schema='dbo']/ForeignKey[@Name='FK_OutCome_Branches_BranchId']","object_type":"ForeignKey"}},{"cell_type":"markdown","source":["# [FK_OutCome_OutComeType]"],"metadata":{"urn":"Server[@Name='LAPTOP-A1S3V5JM']/Database[@Name='Kokaz']/Table[@Name='OutCome' and @Schema='dbo']/ForeignKey[@Name='FK_OutCome_OutComeType']","object_type":"ForeignKey"}},{"outputs":[],"execution_count":0,"cell_type":"code","source":["ALTER TABLE [dbo].[OutCome]  WITH CHECK ADD  CONSTRAINT [FK_OutCome_OutComeType] FOREIGN KEY([OutComeTypeId])\r\nREFERENCES [dbo].[OutComeType] ([Id])\r\n","GO\r\n","ALTER TABLE [dbo].[OutCome] CHECK CONSTRAINT [FK_OutCome_OutComeType]\r\n","GO\r\n"],"metadata":{"urn":"Server[@Name='LAPTOP-A1S3V5JM']/Database[@Name='Kokaz']/Table[@Name='OutCome' and @Schema='dbo']/ForeignKey[@Name='FK_OutCome_OutComeType']","object_type":"ForeignKey"}},{"cell_type":"markdown","source":["# [FK_OutCome_Users]"],"metadata":{"urn":"Server[@Name='LAPTOP-A1S3V5JM']/Database[@Name='Kokaz']/Table[@Name='OutCome' and @Schema='dbo']/ForeignKey[@Name='FK_OutCome_Users']","object_type":"ForeignKey"}},{"outputs":[],"execution_count":0,"cell_type":"code","source":["ALTER TABLE [dbo].[OutCome]  WITH CHECK ADD  CONSTRAINT [FK_OutCome_Users] FOREIGN KEY([userId])\r\nREFERENCES [dbo].[Users] ([Id])\r\n","GO\r\n","ALTER TABLE [dbo].[OutCome] CHECK CONSTRAINT [FK_OutCome_Users]\r\n","GO\r\n"],"metadata":{"urn":"Server[@Name='LAPTOP-A1S3V5JM']/Database[@Name='Kokaz']/Table[@Name='OutCome' and @Schema='dbo']/ForeignKey[@Name='FK_OutCome_Users']","object_type":"ForeignKey"}},{"cell_type":"markdown","source":["# [FK__PaymentRe__Clien__5AB9788F]"],"metadata":{"urn":"Server[@Name='LAPTOP-A1S3V5JM']/Database[@Name='Kokaz']/Table[@Name='PaymentRequest' and @Schema='dbo']/ForeignKey[@Name='FK__PaymentRe__Clien__5AB9788F']","object_type":"ForeignKey"}},{"outputs":[],"execution_count":0,"cell_type":"code","source":["ALTER TABLE [dbo].[PaymentRequest]  WITH CHECK ADD  CONSTRAINT [FK__PaymentRe__Clien__5AB9788F] FOREIGN KEY([ClientId])\r\nREFERENCES [dbo].[Clients] ([Id])\r\n","GO\r\n","ALTER TABLE [dbo].[PaymentRequest] CHECK CONSTRAINT [FK__PaymentRe__Clien__5AB9788F]\r\n","GO\r\n"],"metadata":{"urn":"Server[@Name='LAPTOP-A1S3V5JM']/Database[@Name='Kokaz']/Table[@Name='PaymentRequest' and @Schema='dbo']/ForeignKey[@Name='FK__PaymentRe__Clien__5AB9788F']","object_type":"ForeignKey"}},{"cell_type":"markdown","source":["# [FK__PaymentRe__Payme__5BAD9CC8]"],"metadata":{"urn":"Server[@Name='LAPTOP-A1S3V5JM']/Database[@Name='Kokaz']/Table[@Name='PaymentRequest' and @Schema='dbo']/ForeignKey[@Name='FK__PaymentRe__Payme__5BAD9CC8']","object_type":"ForeignKey"}},{"outputs":[],"execution_count":0,"cell_type":"code","source":["ALTER TABLE [dbo].[PaymentRequest]  WITH CHECK ADD  CONSTRAINT [FK__PaymentRe__Payme__5BAD9CC8] FOREIGN KEY([PaymentWayId])\r\nREFERENCES [dbo].[PaymentWay] ([Id])\r\n","GO\r\n","ALTER TABLE [dbo].[PaymentRequest] CHECK CONSTRAINT [FK__PaymentRe__Payme__5BAD9CC8]\r\n","GO\r\n"],"metadata":{"urn":"Server[@Name='LAPTOP-A1S3V5JM']/Database[@Name='Kokaz']/Table[@Name='PaymentRequest' and @Schema='dbo']/ForeignKey[@Name='FK__PaymentRe__Payme__5BAD9CC8']","object_type":"ForeignKey"}},{"cell_type":"markdown","source":["# [FK_PaymentRequest_Branches_BranchId]"],"metadata":{"urn":"Server[@Name='LAPTOP-A1S3V5JM']/Database[@Name='Kokaz']/Table[@Name='PaymentRequest' and @Schema='dbo']/ForeignKey[@Name='FK_PaymentRequest_Branches_BranchId']","object_type":"ForeignKey"}},{"outputs":[],"execution_count":0,"cell_type":"code","source":["ALTER TABLE [dbo].[PaymentRequest]  WITH CHECK ADD  CONSTRAINT [FK_PaymentRequest_Branches_BranchId] FOREIGN KEY([BranchId])\r\nREFERENCES [dbo].[Branches] ([Id])\r\nON DELETE CASCADE\r\n","GO\r\n","ALTER TABLE [dbo].[PaymentRequest] CHECK CONSTRAINT [FK_PaymentRequest_Branches_BranchId]\r\n","GO\r\n"],"metadata":{"urn":"Server[@Name='LAPTOP-A1S3V5JM']/Database[@Name='Kokaz']/Table[@Name='PaymentRequest' and @Schema='dbo']/ForeignKey[@Name='FK_PaymentRequest_Branches_BranchId']","object_type":"ForeignKey"}},{"cell_type":"markdown","source":["# [FK_PaymentWay_Branches_BranchId]"],"metadata":{"urn":"Server[@Name='LAPTOP-A1S3V5JM']/Database[@Name='Kokaz']/Table[@Name='PaymentWay' and @Schema='dbo']/ForeignKey[@Name='FK_PaymentWay_Branches_BranchId']","object_type":"ForeignKey"}},{"outputs":[],"execution_count":0,"cell_type":"code","source":["ALTER TABLE [dbo].[PaymentWay]  WITH CHECK ADD  CONSTRAINT [FK_PaymentWay_Branches_BranchId] FOREIGN KEY([BranchId])\r\nREFERENCES [dbo].[Branches] ([Id])\r\nON DELETE CASCADE\r\n","GO\r\n","ALTER TABLE [dbo].[PaymentWay] CHECK CONSTRAINT [FK_PaymentWay_Branches_BranchId]\r\n","GO\r\n"],"metadata":{"urn":"Server[@Name='LAPTOP-A1S3V5JM']/Database[@Name='Kokaz']/Table[@Name='PaymentWay' and @Schema='dbo']/ForeignKey[@Name='FK_PaymentWay_Branches_BranchId']","object_type":"ForeignKey"}},{"cell_type":"markdown","source":["# [FK_PointsSetting_Branches_BranchId]"],"metadata":{"urn":"Server[@Name='LAPTOP-A1S3V5JM']/Database[@Name='Kokaz']/Table[@Name='PointsSetting' and @Schema='dbo']/ForeignKey[@Name='FK_PointsSetting_Branches_BranchId']","object_type":"ForeignKey"}},{"outputs":[],"execution_count":0,"cell_type":"code","source":["ALTER TABLE [dbo].[PointsSetting]  WITH CHECK ADD  CONSTRAINT [FK_PointsSetting_Branches_BranchId] FOREIGN KEY([BranchId])\r\nREFERENCES [dbo].[Branches] ([Id])\r\nON DELETE CASCADE\r\n","GO\r\n","ALTER TABLE [dbo].[PointsSetting] CHECK CONSTRAINT [FK_PointsSetting_Branches_BranchId]\r\n","GO\r\n"],"metadata":{"urn":"Server[@Name='LAPTOP-A1S3V5JM']/Database[@Name='Kokaz']/Table[@Name='PointsSetting' and @Schema='dbo']/ForeignKey[@Name='FK_PointsSetting_Branches_BranchId']","object_type":"ForeignKey"}},{"cell_type":"markdown","source":["# [FK__Receipt__ClientP__3C34F16F]"],"metadata":{"urn":"Server[@Name='LAPTOP-A1S3V5JM']/Database[@Name='Kokaz']/Table[@Name='Receipt' and @Schema='dbo']/ForeignKey[@Name='FK__Receipt__ClientP__3C34F16F']","object_type":"ForeignKey"}},{"outputs":[],"execution_count":0,"cell_type":"code","source":["ALTER TABLE [dbo].[Receipt]  WITH CHECK ADD FOREIGN KEY([ClientPaymentId])\r\nREFERENCES [dbo].[ClientPayment] ([Id])\r\n","GO\r\n"],"metadata":{"urn":"Server[@Name='LAPTOP-A1S3V5JM']/Database[@Name='Kokaz']/Table[@Name='Receipt' and @Schema='dbo']/ForeignKey[@Name='FK__Receipt__ClientP__3C34F16F']","object_type":"ForeignKey"}},{"cell_type":"markdown","source":["# [FK_Receipt_Branches_BranchId]"],"metadata":{"urn":"Server[@Name='LAPTOP-A1S3V5JM']/Database[@Name='Kokaz']/Table[@Name='Receipt' and @Schema='dbo']/ForeignKey[@Name='FK_Receipt_Branches_BranchId']","object_type":"ForeignKey"}},{"outputs":[],"execution_count":0,"cell_type":"code","source":["ALTER TABLE [dbo].[Receipt]  WITH CHECK ADD  CONSTRAINT [FK_Receipt_Branches_BranchId] FOREIGN KEY([BranchId])\r\nREFERENCES [dbo].[Branches] ([Id])\r\nON DELETE CASCADE\r\n","GO\r\n","ALTER TABLE [dbo].[Receipt] CHECK CONSTRAINT [FK_Receipt_Branches_BranchId]\r\n","GO\r\n"],"metadata":{"urn":"Server[@Name='LAPTOP-A1S3V5JM']/Database[@Name='Kokaz']/Table[@Name='Receipt' and @Schema='dbo']/ForeignKey[@Name='FK_Receipt_Branches_BranchId']","object_type":"ForeignKey"}},{"cell_type":"markdown","source":["# [FK_Receipt_Clients]"],"metadata":{"urn":"Server[@Name='LAPTOP-A1S3V5JM']/Database[@Name='Kokaz']/Table[@Name='Receipt' and @Schema='dbo']/ForeignKey[@Name='FK_Receipt_Clients']","object_type":"ForeignKey"}},{"outputs":[],"execution_count":0,"cell_type":"code","source":["ALTER TABLE [dbo].[Receipt]  WITH CHECK ADD  CONSTRAINT [FK_Receipt_Clients] FOREIGN KEY([ClientId])\r\nREFERENCES [dbo].[Clients] ([Id])\r\n","GO\r\n","ALTER TABLE [dbo].[Receipt] CHECK CONSTRAINT [FK_Receipt_Clients]\r\n","GO\r\n"],"metadata":{"urn":"Server[@Name='LAPTOP-A1S3V5JM']/Database[@Name='Kokaz']/Table[@Name='Receipt' and @Schema='dbo']/ForeignKey[@Name='FK_Receipt_Clients']","object_type":"ForeignKey"}},{"cell_type":"markdown","source":["# [FK__ReceiptOf__Recvi__3E1D39E1]"],"metadata":{"urn":"Server[@Name='LAPTOP-A1S3V5JM']/Database[@Name='Kokaz']/Table[@Name='ReceiptOfTheOrderStatus' and @Schema='dbo']/ForeignKey[@Name='FK__ReceiptOf__Recvi__3E1D39E1']","object_type":"ForeignKey"}},{"outputs":[],"execution_count":0,"cell_type":"code","source":["ALTER TABLE [dbo].[ReceiptOfTheOrderStatus]  WITH CHECK ADD FOREIGN KEY([RecvierId])\r\nREFERENCES [dbo].[Users] ([Id])\r\n","GO\r\n"],"metadata":{"urn":"Server[@Name='LAPTOP-A1S3V5JM']/Database[@Name='Kokaz']/Table[@Name='ReceiptOfTheOrderStatus' and @Schema='dbo']/ForeignKey[@Name='FK__ReceiptOf__Recvi__3E1D39E1']","object_type":"ForeignKey"}},{"cell_type":"markdown","source":["# [FK__ReceiptOf__Agent__23F3538A]"],"metadata":{"urn":"Server[@Name='LAPTOP-A1S3V5JM']/Database[@Name='Kokaz']/Table[@Name='ReceiptOfTheOrderStatusDetalis' and @Schema='dbo']/ForeignKey[@Name='FK__ReceiptOf__Agent__23F3538A']","object_type":"ForeignKey"}},{"outputs":[],"execution_count":0,"cell_type":"code","source":["ALTER TABLE [dbo].[ReceiptOfTheOrderStatusDetalis]  WITH CHECK ADD  CONSTRAINT [FK__ReceiptOf__Agent__23F3538A] FOREIGN KEY([AgentId])\r\nREFERENCES [dbo].[Users] ([Id])\r\n","GO\r\n","ALTER TABLE [dbo].[ReceiptOfTheOrderStatusDetalis] CHECK CONSTRAINT [FK__ReceiptOf__Agent__23F3538A]\r\n","GO\r\n"],"metadata":{"urn":"Server[@Name='LAPTOP-A1S3V5JM']/Database[@Name='Kokaz']/Table[@Name='ReceiptOfTheOrderStatusDetalis' and @Schema='dbo']/ForeignKey[@Name='FK__ReceiptOf__Agent__23F3538A']","object_type":"ForeignKey"}},{"cell_type":"markdown","source":["# [FK__ReceiptOf__Clien__40058253]"],"metadata":{"urn":"Server[@Name='LAPTOP-A1S3V5JM']/Database[@Name='Kokaz']/Table[@Name='ReceiptOfTheOrderStatusDetalis' and @Schema='dbo']/ForeignKey[@Name='FK__ReceiptOf__Clien__40058253']","object_type":"ForeignKey"}},{"outputs":[],"execution_count":0,"cell_type":"code","source":["ALTER TABLE [dbo].[ReceiptOfTheOrderStatusDetalis]  WITH CHECK ADD FOREIGN KEY([ClientId])\r\nREFERENCES [dbo].[Clients] ([Id])\r\n","GO\r\n"],"metadata":{"urn":"Server[@Name='LAPTOP-A1S3V5JM']/Database[@Name='Kokaz']/Table[@Name='ReceiptOfTheOrderStatusDetalis' and @Schema='dbo']/ForeignKey[@Name='FK__ReceiptOf__Clien__40058253']","object_type":"ForeignKey"}},{"cell_type":"markdown","source":["# [FK__ReceiptOf__Money__25DB9BFC]"],"metadata":{"urn":"Server[@Name='LAPTOP-A1S3V5JM']/Database[@Name='Kokaz']/Table[@Name='ReceiptOfTheOrderStatusDetalis' and @Schema='dbo']/ForeignKey[@Name='FK__ReceiptOf__Money__25DB9BFC']","object_type":"ForeignKey"}},{"outputs":[],"execution_count":0,"cell_type":"code","source":["ALTER TABLE [dbo].[ReceiptOfTheOrderStatusDetalis]  WITH CHECK ADD  CONSTRAINT [FK__ReceiptOf__Money__25DB9BFC] FOREIGN KEY([MoneyPlacedId])\r\nREFERENCES [dbo].[MoenyPlaced] ([Id])\r\n","GO\r\n","ALTER TABLE [dbo].[ReceiptOfTheOrderStatusDetalis] CHECK CONSTRAINT [FK__ReceiptOf__Money__25DB9BFC]\r\n","GO\r\n"],"metadata":{"urn":"Server[@Name='LAPTOP-A1S3V5JM']/Database[@Name='Kokaz']/Table[@Name='ReceiptOfTheOrderStatusDetalis' and @Schema='dbo']/ForeignKey[@Name='FK__ReceiptOf__Money__25DB9BFC']","object_type":"ForeignKey"}},{"cell_type":"markdown","source":["# [FK__ReceiptOf__Order__24E777C3]"],"metadata":{"urn":"Server[@Name='LAPTOP-A1S3V5JM']/Database[@Name='Kokaz']/Table[@Name='ReceiptOfTheOrderStatusDetalis' and @Schema='dbo']/ForeignKey[@Name='FK__ReceiptOf__Order__24E777C3']","object_type":"ForeignKey"}},{"outputs":[],"execution_count":0,"cell_type":"code","source":["ALTER TABLE [dbo].[ReceiptOfTheOrderStatusDetalis]  WITH CHECK ADD  CONSTRAINT [FK__ReceiptOf__Order__24E777C3] FOREIGN KEY([OrderStateId])\r\nREFERENCES [dbo].[OrderState] ([Id])\r\n","GO\r\n","ALTER TABLE [dbo].[ReceiptOfTheOrderStatusDetalis] CHECK CONSTRAINT [FK__ReceiptOf__Order__24E777C3]\r\n","GO\r\n"],"metadata":{"urn":"Server[@Name='LAPTOP-A1S3V5JM']/Database[@Name='Kokaz']/Table[@Name='ReceiptOfTheOrderStatusDetalis' and @Schema='dbo']/ForeignKey[@Name='FK__ReceiptOf__Order__24E777C3']","object_type":"ForeignKey"}},{"cell_type":"markdown","source":["# [FK__ReceiptOf__Order__42E1EEFE]"],"metadata":{"urn":"Server[@Name='LAPTOP-A1S3V5JM']/Database[@Name='Kokaz']/Table[@Name='ReceiptOfTheOrderStatusDetalis' and @Schema='dbo']/ForeignKey[@Name='FK__ReceiptOf__Order__42E1EEFE']","object_type":"ForeignKey"}},{"outputs":[],"execution_count":0,"cell_type":"code","source":["ALTER TABLE [dbo].[ReceiptOfTheOrderStatusDetalis]  WITH CHECK ADD FOREIGN KEY([OrderPlacedId])\r\nREFERENCES [dbo].[OrderPlaced] ([Id])\r\n","GO\r\n"],"metadata":{"urn":"Server[@Name='LAPTOP-A1S3V5JM']/Database[@Name='Kokaz']/Table[@Name='ReceiptOfTheOrderStatusDetalis' and @Schema='dbo']/ForeignKey[@Name='FK__ReceiptOf__Order__42E1EEFE']","object_type":"ForeignKey"}},{"cell_type":"markdown","source":["# [FK__ReceiptOf__Order__43D61337]"],"metadata":{"urn":"Server[@Name='LAPTOP-A1S3V5JM']/Database[@Name='Kokaz']/Table[@Name='ReceiptOfTheOrderStatusDetalis' and @Schema='dbo']/ForeignKey[@Name='FK__ReceiptOf__Order__43D61337']","object_type":"ForeignKey"}},{"outputs":[],"execution_count":0,"cell_type":"code","source":["ALTER TABLE [dbo].[ReceiptOfTheOrderStatusDetalis]  WITH CHECK ADD FOREIGN KEY([OrderId])\r\nREFERENCES [dbo].[Order] ([Id])\r\n","GO\r\n"],"metadata":{"urn":"Server[@Name='LAPTOP-A1S3V5JM']/Database[@Name='Kokaz']/Table[@Name='ReceiptOfTheOrderStatusDetalis' and @Schema='dbo']/ForeignKey[@Name='FK__ReceiptOf__Order__43D61337']","object_type":"ForeignKey"}},{"cell_type":"markdown","source":["# [FK__ReceiptOf__Recei__26CFC035]"],"metadata":{"urn":"Server[@Name='LAPTOP-A1S3V5JM']/Database[@Name='Kokaz']/Table[@Name='ReceiptOfTheOrderStatusDetalis' and @Schema='dbo']/ForeignKey[@Name='FK__ReceiptOf__Recei__26CFC035']","object_type":"ForeignKey"}},{"outputs":[],"execution_count":0,"cell_type":"code","source":["ALTER TABLE [dbo].[ReceiptOfTheOrderStatusDetalis]  WITH CHECK ADD  CONSTRAINT [FK__ReceiptOf__Recei__26CFC035] FOREIGN KEY([ReceiptOfTheOrderStatusId])\r\nREFERENCES [dbo].[ReceiptOfTheOrderStatus] ([Id])\r\n","GO\r\n","ALTER TABLE [dbo].[ReceiptOfTheOrderStatusDetalis] CHECK CONSTRAINT [FK__ReceiptOf__Recei__26CFC035]\r\n","GO\r\n"],"metadata":{"urn":"Server[@Name='LAPTOP-A1S3V5JM']/Database[@Name='Kokaz']/Table[@Name='ReceiptOfTheOrderStatusDetalis' and @Schema='dbo']/ForeignKey[@Name='FK__ReceiptOf__Recei__26CFC035']","object_type":"ForeignKey"}},{"cell_type":"markdown","source":["# [FK_Reginos_Country]"],"metadata":{"urn":"Server[@Name='LAPTOP-A1S3V5JM']/Database[@Name='Kokaz']/Table[@Name='Region' and @Schema='dbo']/ForeignKey[@Name='FK_Reginos_Country']","object_type":"ForeignKey"}},{"outputs":[],"execution_count":0,"cell_type":"code","source":["ALTER TABLE [dbo].[Region]  WITH CHECK ADD  CONSTRAINT [FK_Reginos_Country] FOREIGN KEY([CountryId])\r\nREFERENCES [dbo].[Country] ([Id])\r\nON DELETE CASCADE\r\n","GO\r\n","ALTER TABLE [dbo].[Region] CHECK CONSTRAINT [FK_Reginos_Country]\r\n","GO\r\n"],"metadata":{"urn":"Server[@Name='LAPTOP-A1S3V5JM']/Database[@Name='Kokaz']/Table[@Name='Region' and @Schema='dbo']/ForeignKey[@Name='FK_Reginos_Country']","object_type":"ForeignKey"}},{"cell_type":"markdown","source":["# [FK__Treasury__Id__46B27FE2]"],"metadata":{"urn":"Server[@Name='LAPTOP-A1S3V5JM']/Database[@Name='Kokaz']/Table[@Name='Treasury' and @Schema='dbo']/ForeignKey[@Name='FK__Treasury__Id__46B27FE2']","object_type":"ForeignKey"}},{"outputs":[],"execution_count":0,"cell_type":"code","source":["ALTER TABLE [dbo].[Treasury]  WITH CHECK ADD FOREIGN KEY([Id])\r\nREFERENCES [dbo].[Users] ([Id])\r\n","GO\r\n"],"metadata":{"urn":"Server[@Name='LAPTOP-A1S3V5JM']/Database[@Name='Kokaz']/Table[@Name='Treasury' and @Schema='dbo']/ForeignKey[@Name='FK__Treasury__Id__46B27FE2']","object_type":"ForeignKey"}},{"cell_type":"markdown","source":["# [FK__TreasuryH__CashM__47A6A41B]"],"metadata":{"urn":"Server[@Name='LAPTOP-A1S3V5JM']/Database[@Name='Kokaz']/Table[@Name='TreasuryHistory' and @Schema='dbo']/ForeignKey[@Name='FK__TreasuryH__CashM__47A6A41B']","object_type":"ForeignKey"}},{"outputs":[],"execution_count":0,"cell_type":"code","source":["ALTER TABLE [dbo].[TreasuryHistory]  WITH CHECK ADD FOREIGN KEY([CashMovmentId])\r\nREFERENCES [dbo].[CashMovment] ([Id])\r\n","GO\r\n"],"metadata":{"urn":"Server[@Name='LAPTOP-A1S3V5JM']/Database[@Name='Kokaz']/Table[@Name='TreasuryHistory' and @Schema='dbo']/ForeignKey[@Name='FK__TreasuryH__CashM__47A6A41B']","object_type":"ForeignKey"}},{"cell_type":"markdown","source":["# [FK__TreasuryH__Clien__489AC854]"],"metadata":{"urn":"Server[@Name='LAPTOP-A1S3V5JM']/Database[@Name='Kokaz']/Table[@Name='TreasuryHistory' and @Schema='dbo']/ForeignKey[@Name='FK__TreasuryH__Clien__489AC854']","object_type":"ForeignKey"}},{"outputs":[],"execution_count":0,"cell_type":"code","source":["ALTER TABLE [dbo].[TreasuryHistory]  WITH CHECK ADD FOREIGN KEY([ClientPaymentId])\r\nREFERENCES [dbo].[ClientPayment] ([Id])\r\n","GO\r\n"],"metadata":{"urn":"Server[@Name='LAPTOP-A1S3V5JM']/Database[@Name='Kokaz']/Table[@Name='TreasuryHistory' and @Schema='dbo']/ForeignKey[@Name='FK__TreasuryH__Clien__489AC854']","object_type":"ForeignKey"}},{"cell_type":"markdown","source":["# [FK__TreasuryH__Incom__498EEC8D]"],"metadata":{"urn":"Server[@Name='LAPTOP-A1S3V5JM']/Database[@Name='Kokaz']/Table[@Name='TreasuryHistory' and @Schema='dbo']/ForeignKey[@Name='FK__TreasuryH__Incom__498EEC8D']","object_type":"ForeignKey"}},{"outputs":[],"execution_count":0,"cell_type":"code","source":["ALTER TABLE [dbo].[TreasuryHistory]  WITH CHECK ADD FOREIGN KEY([IncomeId])\r\nREFERENCES [dbo].[Income] ([Id])\r\n","GO\r\n"],"metadata":{"urn":"Server[@Name='LAPTOP-A1S3V5JM']/Database[@Name='Kokaz']/Table[@Name='TreasuryHistory' and @Schema='dbo']/ForeignKey[@Name='FK__TreasuryH__Incom__498EEC8D']","object_type":"ForeignKey"}},{"cell_type":"markdown","source":["# [FK__TreasuryH__Outco__4A8310C6]"],"metadata":{"urn":"Server[@Name='LAPTOP-A1S3V5JM']/Database[@Name='Kokaz']/Table[@Name='TreasuryHistory' and @Schema='dbo']/ForeignKey[@Name='FK__TreasuryH__Outco__4A8310C6']","object_type":"ForeignKey"}},{"outputs":[],"execution_count":0,"cell_type":"code","source":["ALTER TABLE [dbo].[TreasuryHistory]  WITH CHECK ADD FOREIGN KEY([OutcomeId])\r\nREFERENCES [dbo].[OutCome] ([Id])\r\n","GO\r\n"],"metadata":{"urn":"Server[@Name='LAPTOP-A1S3V5JM']/Database[@Name='Kokaz']/Table[@Name='TreasuryHistory' and @Schema='dbo']/ForeignKey[@Name='FK__TreasuryH__Outco__4A8310C6']","object_type":"ForeignKey"}},{"cell_type":"markdown","source":["# [FK__TreasuryH__Recei__4B7734FF]"],"metadata":{"urn":"Server[@Name='LAPTOP-A1S3V5JM']/Database[@Name='Kokaz']/Table[@Name='TreasuryHistory' and @Schema='dbo']/ForeignKey[@Name='FK__TreasuryH__Recei__4B7734FF']","object_type":"ForeignKey"}},{"outputs":[],"execution_count":0,"cell_type":"code","source":["ALTER TABLE [dbo].[TreasuryHistory]  WITH CHECK ADD FOREIGN KEY([ReceiptId])\r\nREFERENCES [dbo].[Receipt] ([Id])\r\n","GO\r\n"],"metadata":{"urn":"Server[@Name='LAPTOP-A1S3V5JM']/Database[@Name='Kokaz']/Table[@Name='TreasuryHistory' and @Schema='dbo']/ForeignKey[@Name='FK__TreasuryH__Recei__4B7734FF']","object_type":"ForeignKey"}},{"cell_type":"markdown","source":["# [FK__TreasuryH__Recei__4C6B5938]"],"metadata":{"urn":"Server[@Name='LAPTOP-A1S3V5JM']/Database[@Name='Kokaz']/Table[@Name='TreasuryHistory' and @Schema='dbo']/ForeignKey[@Name='FK__TreasuryH__Recei__4C6B5938']","object_type":"ForeignKey"}},{"outputs":[],"execution_count":0,"cell_type":"code","source":["ALTER TABLE [dbo].[TreasuryHistory]  WITH CHECK ADD FOREIGN KEY([ReceiptOfTheOrderStatusId])\r\nREFERENCES [dbo].[ReceiptOfTheOrderStatus] ([Id])\r\n","GO\r\n"],"metadata":{"urn":"Server[@Name='LAPTOP-A1S3V5JM']/Database[@Name='Kokaz']/Table[@Name='TreasuryHistory' and @Schema='dbo']/ForeignKey[@Name='FK__TreasuryH__Recei__4C6B5938']","object_type":"ForeignKey"}},{"cell_type":"markdown","source":["# [FK__TreasuryH__Treas__4D5F7D71]"],"metadata":{"urn":"Server[@Name='LAPTOP-A1S3V5JM']/Database[@Name='Kokaz']/Table[@Name='TreasuryHistory' and @Schema='dbo']/ForeignKey[@Name='FK__TreasuryH__Treas__4D5F7D71']","object_type":"ForeignKey"}},{"outputs":[],"execution_count":0,"cell_type":"code","source":["ALTER TABLE [dbo].[TreasuryHistory]  WITH CHECK ADD FOREIGN KEY([TreasuryId])\r\nREFERENCES [dbo].[Treasury] ([Id])\r\n","GO\r\n"],"metadata":{"urn":"Server[@Name='LAPTOP-A1S3V5JM']/Database[@Name='Kokaz']/Table[@Name='TreasuryHistory' and @Schema='dbo']/ForeignKey[@Name='FK__TreasuryH__Treas__4D5F7D71']","object_type":"ForeignKey"}},{"cell_type":"markdown","source":["# [FK_UserBranch_Branches_BranchId]"],"metadata":{"urn":"Server[@Name='LAPTOP-A1S3V5JM']/Database[@Name='Kokaz']/Table[@Name='UserBranch' and @Schema='dbo']/ForeignKey[@Name='FK_UserBranch_Branches_BranchId']","object_type":"ForeignKey"}},{"outputs":[],"execution_count":0,"cell_type":"code","source":["ALTER TABLE [dbo].[UserBranch]  WITH CHECK ADD  CONSTRAINT [FK_UserBranch_Branches_BranchId] FOREIGN KEY([BranchId])\r\nREFERENCES [dbo].[Branches] ([Id])\r\nON DELETE CASCADE\r\n","GO\r\n","ALTER TABLE [dbo].[UserBranch] CHECK CONSTRAINT [FK_UserBranch_Branches_BranchId]\r\n","GO\r\n"],"metadata":{"urn":"Server[@Name='LAPTOP-A1S3V5JM']/Database[@Name='Kokaz']/Table[@Name='UserBranch' and @Schema='dbo']/ForeignKey[@Name='FK_UserBranch_Branches_BranchId']","object_type":"ForeignKey"}},{"cell_type":"markdown","source":["# [FK_UserBranch_Users_UserId]"],"metadata":{"urn":"Server[@Name='LAPTOP-A1S3V5JM']/Database[@Name='Kokaz']/Table[@Name='UserBranch' and @Schema='dbo']/ForeignKey[@Name='FK_UserBranch_Users_UserId']","object_type":"ForeignKey"}},{"outputs":[],"execution_count":0,"cell_type":"code","source":["ALTER TABLE [dbo].[UserBranch]  WITH CHECK ADD  CONSTRAINT [FK_UserBranch_Users_UserId] FOREIGN KEY([UserId])\r\nREFERENCES [dbo].[Users] ([Id])\r\nON DELETE CASCADE\r\n","GO\r\n","ALTER TABLE [dbo].[UserBranch] CHECK CONSTRAINT [FK_UserBranch_Users_UserId]\r\n","GO\r\n"],"metadata":{"urn":"Server[@Name='LAPTOP-A1S3V5JM']/Database[@Name='Kokaz']/Table[@Name='UserBranch' and @Schema='dbo']/ForeignKey[@Name='FK_UserBranch_Users_UserId']","object_type":"ForeignKey"}},{"cell_type":"markdown","source":["# [FK_UserGroup_Group]"],"metadata":{"urn":"Server[@Name='LAPTOP-A1S3V5JM']/Database[@Name='Kokaz']/Table[@Name='UserGroup' and @Schema='dbo']/ForeignKey[@Name='FK_UserGroup_Group']","object_type":"ForeignKey"}},{"outputs":[],"execution_count":0,"cell_type":"code","source":["ALTER TABLE [dbo].[UserGroup]  WITH CHECK ADD  CONSTRAINT [FK_UserGroup_Group] FOREIGN KEY([GroupId])\r\nREFERENCES [dbo].[Group] ([Id])\r\nON DELETE CASCADE\r\n","GO\r\n","ALTER TABLE [dbo].[UserGroup] CHECK CONSTRAINT [FK_UserGroup_Group]\r\n","GO\r\n"],"metadata":{"urn":"Server[@Name='LAPTOP-A1S3V5JM']/Database[@Name='Kokaz']/Table[@Name='UserGroup' and @Schema='dbo']/ForeignKey[@Name='FK_UserGroup_Group']","object_type":"ForeignKey"}},{"cell_type":"markdown","source":["# [FK_UserGroup_Users]"],"metadata":{"urn":"Server[@Name='LAPTOP-A1S3V5JM']/Database[@Name='Kokaz']/Table[@Name='UserGroup' and @Schema='dbo']/ForeignKey[@Name='FK_UserGroup_Users']","object_type":"ForeignKey"}},{"outputs":[],"execution_count":0,"cell_type":"code","source":["ALTER TABLE [dbo].[UserGroup]  WITH CHECK ADD  CONSTRAINT [FK_UserGroup_Users] FOREIGN KEY([UserId])\r\nREFERENCES [dbo].[Users] ([Id])\r\nON DELETE CASCADE\r\n","GO\r\n","ALTER TABLE [dbo].[UserGroup] CHECK CONSTRAINT [FK_UserGroup_Users]\r\n","GO\r\n"],"metadata":{"urn":"Server[@Name='LAPTOP-A1S3V5JM']/Database[@Name='Kokaz']/Table[@Name='UserGroup' and @Schema='dbo']/ForeignKey[@Name='FK_UserGroup_Users']","object_type":"ForeignKey"}},{"cell_type":"markdown","source":["# [FK_UserPhone_Users]"],"metadata":{"urn":"Server[@Name='LAPTOP-A1S3V5JM']/Database[@Name='Kokaz']/Table[@Name='UserPhone' and @Schema='dbo']/ForeignKey[@Name='FK_UserPhone_Users']","object_type":"ForeignKey"}},{"outputs":[],"execution_count":0,"cell_type":"code","source":["ALTER TABLE [dbo].[UserPhone]  WITH CHECK ADD  CONSTRAINT [FK_UserPhone_Users] FOREIGN KEY([UserId])\r\nREFERENCES [dbo].[Users] ([Id])\r\nON DELETE CASCADE\r\n","GO\r\n","ALTER TABLE [dbo].[UserPhone] CHECK CONSTRAINT [FK_UserPhone_Users]\r\n","GO\r\n"],"metadata":{"urn":"Server[@Name='LAPTOP-A1S3V5JM']/Database[@Name='Kokaz']/Table[@Name='UserPhone' and @Schema='dbo']/ForeignKey[@Name='FK_UserPhone_Users']","object_type":"ForeignKey"}},{"cell_type":"markdown","source":["# [FK_Users_Branches_BranchId]"],"metadata":{"urn":"Server[@Name='LAPTOP-A1S3V5JM']/Database[@Name='Kokaz']/Table[@Name='Users' and @Schema='dbo']/ForeignKey[@Name='FK_Users_Branches_BranchId']","object_type":"ForeignKey"}},{"outputs":[],"execution_count":0,"cell_type":"code","source":["ALTER TABLE [dbo].[Users]  WITH CHECK ADD  CONSTRAINT [FK_Users_Branches_BranchId] FOREIGN KEY([BranchId])\r\nREFERENCES [dbo].[Branches] ([Id])\r\n","GO\r\n","ALTER TABLE [dbo].[Users] CHECK CONSTRAINT [FK_Users_Branches_BranchId]\r\n","GO\r\n"],"metadata":{"urn":"Server[@Name='LAPTOP-A1S3V5JM']/Database[@Name='Kokaz']/Table[@Name='Users' and @Schema='dbo']/ForeignKey[@Name='FK_Users_Branches_BranchId']","object_type":"ForeignKey"}},{"cell_type":"markdown","source":["# [dbo].[OrderWithClientPrint]"],"metadata":{"urn":"Server[@Name='LAPTOP-A1S3V5JM']/Database[@Name='Kokaz']/StoredProcedure[@Name='OrderWithClientPrint' and @Schema='dbo']","object_type":"StoredProcedure"}},{"outputs":[],"execution_count":0,"cell_type":"code","source":["/****** Object:  StoredProcedure [dbo].[OrderWithClientPrint]    Script Date: 9/23/2022 2:11:32 AM ******/\r\nSET ANSI_NULLS ON\r\n","GO\r\n","SET QUOTED_IDENTIFIER ON\r\n","GO\r\n","CREATE Proc [dbo].[OrderWithClientPrint] \r\n@OrderId int\r\nas \r\nbegin\r\n\r\nselect o.Id 'OrderId',o.Code 'OrderCode' ,\r\no.ClientId 'OrderClientId',o.CountryId 'OrderCountryId ',\r\no.DeliveryCost 'OrderDeliveryCost',o.Cost 'OrderCost',\r\no.OldCost 'OrderOldCost',o.OldDeliveryCost ' OrderOldDeliveryCost',\r\no.CreatedBy 'OrderCreatedBy',o.MoenyPlacedId 'OrderMoenyPlacedId',\r\no.OrderplacedId  'OrderOrderplacedId',o.[Date] 'OrderDate',\r\no.DiliveryDate 'OrderDiliveryDate',o.Note 'OrderNote',o.IsClientDiliverdMoney,\r\no.ClientPaied 'OrderClientPaied',\r\nP.Id 'PrintId',p.[Date] 'PrintDate',\r\np.PrintNmber 'PrintPtintNumber',p.PrinterName,p.DestinationName,\r\ncp.Id 'ClientPrintId',cp.LastTotal 'ClientPrintLastTotal',\r\ncp.Total 'ClientPtintTotal',cp.DeliveCost 'ClientPrintDeliveryCost',\r\ncp.MoneyPlacedId 'ClientPrintMoneyPlacedId', cp.OrderPlacedId 'ClientPrintOrderPlaced',\r\ncp.[Date] 'ClientPrintDate',cp.PayForClient 'ClientPrintPayForClient'\r\n from [OrderPrint] op\r\njoin\r\nPrinted p \r\non p.Id = op.PrintId\r\nJoin\r\n[Order] o\r\non\r\no.Id = op.OrderId\r\njoin\r\n ClientPrint cp \r\n on \r\n cp.PrintId = p.Id and cp.Code = o.Code\r\n where \r\n op.OrderId = 11463\r\n and \r\n p.Type = 'Client'\r\nend\r\nGO\r\n"],"metadata":{"urn":"Server[@Name='LAPTOP-A1S3V5JM']/Database[@Name='Kokaz']/StoredProcedure[@Name='OrderWithClientPrint' and @Schema='dbo']","object_type":"StoredProcedure"}},{"cell_type":"markdown","source":["# [dbo].[sp_changeAgnetPrintTables]"],"metadata":{"urn":"Server[@Name='LAPTOP-A1S3V5JM']/Database[@Name='Kokaz']/StoredProcedure[@Name='sp_changeAgnetPrintTables' and @Schema='dbo']","object_type":"StoredProcedure"}},{"outputs":[],"execution_count":0,"cell_type":"code","source":["/****** Object:  StoredProcedure [dbo].[sp_changeAgnetPrintTables]    Script Date: 9/23/2022 2:11:32 AM ******/\r\nSET ANSI_NULLS ON\r\n","GO\r\n","SET QUOTED_IDENTIFIER ON\r\n","GO\r\n","CREATE proc  [dbo].[sp_changeAgnetPrintTables]  \r\nas\r\ndeclare @Id int; \r\ndeclare @printNumber int;\r\ndeclare @PrinterName nvarchar(50);\r\ndeclare @Date Date; \r\ndeclare @DesName nvarchar(50); \r\ndeclare @DesPhone nvarchar(11);\r\ndeclare @code varchar(15);\r\ndeclare @total  decimal(18,2);\r\ndeclare @country nvarchar(50);\r\ndeclare @phone varchar(11);\r\ndeclare @clientName nvarchar(50);\r\ndeclare @note nvarchar(max);\r\ndeclare @region nvarchar(50); \r\nbegin \r\nSet IDENTITY_INSERT dbo.AgentPrint ON\t\t\t\r\ndeclare printedC cursor  for \r\nSelect Id,PrintNmber,PrinterName,[Date],DestinationName,DestinationPhone from Printed where [Type]='Agent' ;\r\nopen printedC \r\nFETCH NEXT FROM printedC INTO @Id,@printNumber,@PrinterName,@Date,@DesName,@DesPhone\r\nwhile @@FETCH_STATUS =0 \r\nbegin\r\n\r\ninsert into AgentPrint (Id,PrinterName,[Date],DestinationName,DestinationPhone) values (@printNumber,@PrinterName,@Date,@DesName,@DesPhone);\r\ndeclare  agentPrintCursor cursor  for select Code,Total,Country,Phone,ClientName,Note,Region  from AgnetPrint where PrintId = @Id order by Id;\r\nopen agentPrintCursor;\r\nFetch next from  agentPrintCursor into @code,@total,@country,@phone,@clientName,@note,@region \r\nwhile @@FETCH_STATUS =0 \r\nbegin\r\ninsert into AgentPrintDetails(Code,Total,Country,Phone,ClientName,Note,Region,AgentPrintId)\r\nvalues (@code,@total,@country,@phone,@clientName,@note,@region,@printNumber);\r\nFetch next from  agentPrintCursor into @code,@total,@country,@phone,@clientName,@note,@region;\r\nend \r\nclose  agentPrintCursor;\r\nDEALLOCATE  agentPrintCursor;\r\ninsert into AgentOrderPrint (OrderId,AgentPrintId) select  OrderId,@printNumber from OrderPrint where PrintId = @Id;\r\nselect OrderId from OrderPrint where PrintId = @Id;\r\nFETCH NEXT FROM printedC INTO @Id,@printNumber,@PrinterName,@Date,@DesName,@DesPhone;\r\nend \r\nclose printedC ;\r\nDEALLOCATE printedC; \r\nSet IDENTITY_INSERT dbo.AgentPrint OFF\r\nend\r\nGO\r\n"],"metadata":{"urn":"Server[@Name='LAPTOP-A1S3V5JM']/Database[@Name='Kokaz']/StoredProcedure[@Name='sp_changeAgnetPrintTables' and @Schema='dbo']","object_type":"StoredProcedure"}},{"cell_type":"markdown","source":["# [dbo].[sp_empty]"],"metadata":{"urn":"Server[@Name='LAPTOP-A1S3V5JM']/Database[@Name='Kokaz']/StoredProcedure[@Name='sp_empty' and @Schema='dbo']","object_type":"StoredProcedure"}},{"outputs":[],"execution_count":0,"cell_type":"code","source":["/****** Object:  StoredProcedure [dbo].[sp_empty]    Script Date: 9/23/2022 2:11:32 AM ******/\r\nSET ANSI_NULLS ON\r\n","GO\r\n","SET QUOTED_IDENTIFIER ON\r\n","GO\r\n","create proc [dbo].[sp_empty]\r\nas\r\nbegin\r\ndelete from AgentCountr;\r\ndelete from AgnetPrint;\r\ndelete from ApproveAgentEditOrderRequest;\r\ndelete from clientPhones;\r\ndelete from ClientPrint;\r\ndelete from Discount;\r\ndelete from Receipt;\r\ndelete from Printed;\r\ndelete from Country;\r\ndelete from Currency;\r\ndelete from DisAcceptOrder;\r\ndelete from EditRequest;\r\ndelete from Income;\r\ndelete from OutCome;\r\ndelete from Market;\r\ndelete from Notfication;\r\ndelete from [Order];\r\ndelete from OrderItem;\r\ndelete from OrderLog;\r\ndelete from OrderPrint;\r\ndelete from OrderType;\r\ndelete from OutCome;\r\ndelete from OutComeType;\r\ndelete from PaymentRequest;\r\ndelete from PaymentWay;\r\ndelete from PointsSetting;\r\ndelete from Region;\r\n\r\nend;\r\nGO\r\n"],"metadata":{"urn":"Server[@Name='LAPTOP-A1S3V5JM']/Database[@Name='Kokaz']/StoredProcedure[@Name='sp_empty' and @Schema='dbo']","object_type":"StoredProcedure"}},{"cell_type":"markdown","source":["# [dbo].[sp_innerProc]"],"metadata":{"urn":"Server[@Name='LAPTOP-A1S3V5JM']/Database[@Name='Kokaz']/StoredProcedure[@Name='sp_innerProc' and @Schema='dbo']","object_type":"StoredProcedure"}},{"outputs":[],"execution_count":0,"cell_type":"code","source":["/****** Object:  StoredProcedure [dbo].[sp_innerProc]    Script Date: 9/23/2022 2:11:32 AM ******/\r\nSET ANSI_NULLS ON\r\n","GO\r\n","SET QUOTED_IDENTIFIER ON\r\n","GO\r\n","CREATE proc [dbo].[sp_innerProc]\r\nas \r\nbegin \r\nbegin transaction ; \r\ninsert into Country ([Name],DeliveryCost,mediatorId,IsMain,Points)\r\nvalues ('aaaa',1000,null,0,10);\r\ninsert into AgentCountr(AgentId,CountryId) values (1068,9);\r\ninsert into Country ([Name],DeliveryCost,mediatorId,IsMain,Points)\r\nvalues ('cccc',1000,null,0,10);\r\nROLLBACK;\r\nend ;\r\nGO\r\n"],"metadata":{"urn":"Server[@Name='LAPTOP-A1S3V5JM']/Database[@Name='Kokaz']/StoredProcedure[@Name='sp_innerProc' and @Schema='dbo']","object_type":"StoredProcedure"}},{"cell_type":"markdown","source":["# [dbo].[sp_outerProc]"],"metadata":{"urn":"Server[@Name='LAPTOP-A1S3V5JM']/Database[@Name='Kokaz']/StoredProcedure[@Name='sp_outerProc' and @Schema='dbo']","object_type":"StoredProcedure"}},{"outputs":[],"execution_count":0,"cell_type":"code","source":["/****** Object:  StoredProcedure [dbo].[sp_outerProc]    Script Date: 9/23/2022 2:11:32 AM ******/\r\nSET ANSI_NULLS ON\r\n","GO\r\n","SET QUOTED_IDENTIFIER ON\r\n","GO\r\n","Create proc [dbo].[sp_outerProc] \r\nas \r\nbegin \r\nbegin transaction ;  \r\ninsert into [Group]([Name])values('zzzz');\r\nexec sp_innerProc ;\r\nROLLBACK;\r\nend ;\r\nGO\r\n"],"metadata":{"urn":"Server[@Name='LAPTOP-A1S3V5JM']/Database[@Name='Kokaz']/StoredProcedure[@Name='sp_outerProc' and @Schema='dbo']","object_type":"StoredProcedure"}},{"cell_type":"markdown","source":["# [Kokaz]"],"metadata":{"urn":"Server[@Name='LAPTOP-A1S3V5JM']/Database[@Name='Kokaz']","object_type":"Database"}},{"outputs":[],"execution_count":0,"cell_type":"code","source":["USE [master]\r\n","GO\r\n"],"metadata":{"urn":"Server[@Name='LAPTOP-A1S3V5JM']/Database[@Name='Kokaz']","object_type":"Database"}},{"outputs":[],"execution_count":0,"cell_type":"code","source":["ALTER DATABASE [Kokaz] SET  READ_WRITE \r\n","GO\r\n"],"metadata":{"urn":"Server[@Name='LAPTOP-A1S3V5JM']/Database[@Name='Kokaz']","object_type":"Database"}}]}